CREATE DATABASE  IF NOT EXISTS `uaweb` /*!40100 DEFAULT CHARACTER SET utf8 */;
USE `uaweb`;
-- MySQL dump 10.13  Distrib 5.6.17, for Win64 (x86_64)
--
-- Host: localhost    Database: uaweb
-- ------------------------------------------------------
-- Server version	5.6.20

/*!40101 SET @OLD_CHARACTER_SET_CLIENT=@@CHARACTER_SET_CLIENT */;
/*!40101 SET @OLD_CHARACTER_SET_RESULTS=@@CHARACTER_SET_RESULTS */;
/*!40101 SET @OLD_COLLATION_CONNECTION=@@COLLATION_CONNECTION */;
/*!40101 SET NAMES utf8 */;
/*!40103 SET @OLD_TIME_ZONE=@@TIME_ZONE */;
/*!40103 SET TIME_ZONE='+00:00' */;
/*!40014 SET @OLD_UNIQUE_CHECKS=@@UNIQUE_CHECKS, UNIQUE_CHECKS=0 */;
/*!40014 SET @OLD_FOREIGN_KEY_CHECKS=@@FOREIGN_KEY_CHECKS, FOREIGN_KEY_CHECKS=0 */;
/*!40101 SET @OLD_SQL_MODE=@@SQL_MODE, SQL_MODE='NO_AUTO_VALUE_ON_ZERO' */;
/*!40111 SET @OLD_SQL_NOTES=@@SQL_NOTES, SQL_NOTES=0 */;

--
-- Table structure for table `affiliates`
--

DROP TABLE IF EXISTS `affiliates`;
/*!40101 SET @saved_cs_client     = @@character_set_client */;
/*!40101 SET character_set_client = utf8 */;
CREATE TABLE `affiliates` (
  `Id` int(10) unsigned NOT NULL,
  `Name` varchar(255) DEFAULT NULL,
  `AllowedShippingMethods` text,
  `AllowedPaymentMethods` text,
  `AllowedProductCategories` text,
  `PercentFromSales` decimal(15,4) DEFAULT NULL,
  PRIMARY KEY (`Id`)
) ENGINE=InnoDB DEFAULT CHARSET=utf8;
/*!40101 SET character_set_client = @saved_cs_client */;

--
-- Dumping data for table `affiliates`
--

LOCK TABLES `affiliates` WRITE;
/*!40000 ALTER TABLE `affiliates` DISABLE KEYS */;
INSERT INTO `affiliates` VALUES (1,'магазин 1','[1]','[1,2]','[1]',5.0000),(2,'магазин 2','[2,3,4]','[1,2,3,4]','[2]',10.0000);
/*!40000 ALTER TABLE `affiliates` ENABLE KEYS */;
UNLOCK TABLES;

--
-- Table structure for table `api_keys`
--

DROP TABLE IF EXISTS `api_keys`;
/*!40101 SET @saved_cs_client     = @@character_set_client */;
/*!40101 SET character_set_client = utf8 */;
CREATE TABLE `api_keys` (
  `Key` char(32) CHARACTER SET latin1 NOT NULL,
  `Enabled` tinyint(1) NOT NULL DEFAULT '0' COMMENT 'Клиент активен',
  `ValidUntil` datetime NOT NULL COMMENT 'Дата окончания договора',
  `IdAffiliate` int(10) unsigned DEFAULT NULL,
  PRIMARY KEY (`Key`)
) ENGINE=InnoDB DEFAULT CHARSET=utf8;
/*!40101 SET character_set_client = @saved_cs_client */;

--
-- Dumping data for table `api_keys`
--

LOCK TABLES `api_keys` WRITE;
/*!40000 ALTER TABLE `api_keys` DISABLE KEYS */;
INSERT INTO `api_keys` VALUES ('03ae7344fce64b8ef0c7dc3a78fae838',1,'2015-02-14 15:09:20',1),('d833382472255f830cf09f728a49c91b',1,'2015-02-14 15:09:20',2);
/*!40000 ALTER TABLE `api_keys` ENABLE KEYS */;
UNLOCK TABLES;

--
-- Table structure for table `order_products`
--

DROP TABLE IF EXISTS `order_products`;
/*!40101 SET @saved_cs_client     = @@character_set_client */;
/*!40101 SET character_set_client = utf8 */;
CREATE TABLE `order_products` (
  `IdOrder` int(10) unsigned NOT NULL,
  `IdProduct` int(10) unsigned NOT NULL,
  `Sku` varchar(255) DEFAULT NULL,
  `Name` varchar(255) DEFAULT NULL,
  `Quantity` int(10) unsigned DEFAULT NULL,
  `Price` decimal(15,4) DEFAULT NULL,
  `IncomingPrice` decimal(15,4) DEFAULT NULL,
  `IncomingCurrency` char(3) DEFAULT NULL,
  `IncomingCurrencyRate` decimal(15,4) DEFAULT NULL,
  PRIMARY KEY (`IdOrder`,`IdProduct`)
) ENGINE=InnoDB DEFAULT CHARSET=utf8;
/*!40101 SET character_set_client = @saved_cs_client */;

--
-- Dumping data for table `order_products`
--

LOCK TABLES `order_products` WRITE;
/*!40000 ALTER TABLE `order_products` DISABLE KEYS */;
/*!40000 ALTER TABLE `order_products` ENABLE KEYS */;
UNLOCK TABLES;

--
-- Table structure for table `order_statuses`
--

DROP TABLE IF EXISTS `order_statuses`;
/*!40101 SET @saved_cs_client     = @@character_set_client */;
/*!40101 SET character_set_client = utf8 */;
CREATE TABLE `order_statuses` (
  `Id` int(11) NOT NULL,
  `Name` varchar(255) DEFAULT NULL,
  PRIMARY KEY (`Id`)
) ENGINE=InnoDB DEFAULT CHARSET=utf8;
/*!40101 SET character_set_client = @saved_cs_client */;

--
-- Dumping data for table `order_statuses`
--

LOCK TABLES `order_statuses` WRITE;
/*!40000 ALTER TABLE `order_statuses` DISABLE KEYS */;
INSERT INTO `order_statuses` VALUES (1,'В ожидании'),(2,'Потверждён'),(3,'Готов к отправке'),(4,'Отправлен'),(5,'Оплачен'),(6,'Завершён'),(7,'Отменён');
/*!40000 ALTER TABLE `order_statuses` ENABLE KEYS */;
UNLOCK TABLES;

--
-- Table structure for table `orders`
--

DROP TABLE IF EXISTS `orders`;
/*!40101 SET @saved_cs_client     = @@character_set_client */;
/*!40101 SET character_set_client = utf8 */;
CREATE TABLE `orders` (
  `Id` int(11) NOT NULL AUTO_INCREMENT,
  `FullName` varchar(255) DEFAULT NULL,
  `Phone` varchar(45) DEFAULT NULL,
  `PhoneAdditional` varchar(45) DEFAULT NULL,
  `Country` varchar(45) DEFAULT NULL,
  `City` varchar(45) DEFAULT NULL,
  `Address` varchar(255) DEFAULT NULL,
  `AddressAdditional` varchar(255) DEFAULT NULL,
  `SubTotal` decimal(15,4) DEFAULT NULL,
  `ShippingTotal` decimal(15,4) DEFAULT NULL,
  `PaymentTotal` decimal(15,4) DEFAULT NULL,
  `Discount` decimal(15,4) DEFAULT NULL,
  `Fee` decimal(15,4) DEFAULT NULL,
  `Total` decimal(15,4) DEFAULT NULL,
  `ShippingMethodName` varchar(255) DEFAULT NULL,
  `IdShippingMethod` int(11) unsigned DEFAULT NULL,
  `PaymentMethodName` varchar(255) DEFAULT NULL,
  `IdPaymentMethod` int(10) unsigned DEFAULT NULL,
  `IdOrderStatus` int(10) unsigned DEFAULT NULL,
  `ApiKey` char(32) NOT NULL,
  `IdAffiliate` int(10) unsigned DEFAULT NULL,
  `OrderCreationDate` int(10) unsigned DEFAULT NULL,
  `OrderModificationDate` int(10) unsigned DEFAULT NULL,
  PRIMARY KEY (`Id`)
) ENGINE=InnoDB DEFAULT CHARSET=utf8;
/*!40101 SET character_set_client = @saved_cs_client */;

--
-- Dumping data for table `orders`
--

LOCK TABLES `orders` WRITE;
/*!40000 ALTER TABLE `orders` DISABLE KEYS */;
/*!40000 ALTER TABLE `orders` ENABLE KEYS */;
UNLOCK TABLES;

--
-- Table structure for table `payment_methods`
--

DROP TABLE IF EXISTS `payment_methods`;
/*!40101 SET @saved_cs_client     = @@character_set_client */;
/*!40101 SET character_set_client = utf8 */;
CREATE TABLE `payment_methods` (
  `Id` int(11) NOT NULL,
  `Name` varchar(255) DEFAULT NULL,
  `Cost` decimal(15,4) DEFAULT NULL,
  `AdditionalParam` text,
  PRIMARY KEY (`Id`)
) ENGINE=InnoDB DEFAULT CHARSET=utf8;
/*!40101 SET character_set_client = @saved_cs_client */;

--
-- Dumping data for table `payment_methods`
--

LOCK TABLES `payment_methods` WRITE;
/*!40000 ALTER TABLE `payment_methods` DISABLE KEYS */;
INSERT INTO `payment_methods` VALUES (1,'Оплата при получении',0.0000,NULL),(2,'Приват24',0.0000,NULL),(3,'Интеркасса',10.0000,NULL),(4,'Liqpay',5.0000,NULL);
/*!40000 ALTER TABLE `payment_methods` ENABLE KEYS */;
UNLOCK TABLES;

--
-- Table structure for table `product_categories`
--

DROP TABLE IF EXISTS `product_categories`;
/*!40101 SET @saved_cs_client     = @@character_set_client */;
/*!40101 SET character_set_client = utf8 */;
CREATE TABLE `product_categories` (
  `Id` int(11) NOT NULL,
  `Name` varchar(255) DEFAULT NULL,
  PRIMARY KEY (`Id`)
) ENGINE=InnoDB DEFAULT CHARSET=utf8;
/*!40101 SET character_set_client = @saved_cs_client */;

--
-- Dumping data for table `product_categories`
--

LOCK TABLES `product_categories` WRITE;
/*!40000 ALTER TABLE `product_categories` DISABLE KEYS */;
INSERT INTO `product_categories` VALUES (1,'Фигурки'),(2,'Манга (Комиксы)');
/*!40000 ALTER TABLE `product_categories` ENABLE KEYS */;
UNLOCK TABLES;

--
-- Table structure for table `product_to_category`
--

DROP TABLE IF EXISTS `product_to_category`;
/*!40101 SET @saved_cs_client     = @@character_set_client */;
/*!40101 SET character_set_client = utf8 */;
CREATE TABLE `product_to_category` (
  `IdProduct` int(10) unsigned NOT NULL,
  `IdCategory` int(10) unsigned NOT NULL,
  PRIMARY KEY (`IdProduct`,`IdCategory`)
) ENGINE=InnoDB DEFAULT CHARSET=utf8;
/*!40101 SET character_set_client = @saved_cs_client */;

--
-- Dumping data for table `product_to_category`
--

LOCK TABLES `product_to_category` WRITE;
/*!40000 ALTER TABLE `product_to_category` DISABLE KEYS */;
INSERT INTO `product_to_category` VALUES (4972,1),(4973,1),(4975,1),(4976,1),(4977,1),(4979,1),(4981,1),(4982,1),(4983,1),(4984,1),(5792,1),(5793,1),(5794,1),(5795,1),(5796,1),(5798,1),(5858,1),(5859,1),(5860,1),(5863,1),(5864,1),(5865,1),(5867,1),(5928,1),(5978,1),(5981,1),(6054,1),(6055,1),(6057,1),(6059,1),(6149,1),(6599,1),(7808,1),(7810,1),(7812,1),(7816,1),(8136,1),(9898,1),(9899,1),(10291,1),(10293,1),(10297,1),(10298,1),(10302,1),(10304,1),(10311,1),(10312,1),(10313,1),(10891,1),(10895,1),(11288,1),(11387,1),(11391,1),(11398,1),(11405,1),(11407,1),(11419,1),(11421,1),(11424,1),(11428,1),(11429,1),(11920,1),(11953,1),(11956,1),(11964,1),(11970,1),(12027,1),(12043,1),(12051,1),(12060,1),(12353,1),(12357,1),(12372,1),(12392,1),(12558,1),(12563,1),(12564,1),(12566,1),(12571,1),(12572,1),(12574,1),(12676,1),(12846,1),(12927,1),(13230,2),(13231,2),(13232,2),(13233,2),(13234,2),(13235,2),(13236,2),(13347,2),(13348,2),(13349,2),(13350,2),(13458,2),(13459,2),(13460,2),(13461,2),(13462,2),(13463,2),(13797,1),(13869,1),(13985,2),(13986,2),(13988,2),(13989,2),(13990,2),(13991,2),(14052,2),(14053,2),(14133,1),(14140,1),(14141,1),(14142,1),(14144,1),(14146,1),(14149,1),(14151,1),(14152,1),(14154,1),(14155,1),(14158,1),(14249,1),(14406,2),(14420,2),(14421,2),(14466,2),(14517,2),(14518,2),(14519,2),(14520,2),(14521,2),(14522,2),(14523,2),(14524,2),(14525,2),(14526,2),(14527,2),(14528,2),(14529,2),(14551,2),(14552,2),(14553,2),(14554,2),(14849,2),(14850,2),(14901,2),(14902,2),(14903,2),(14904,2),(14905,2),(14906,2),(14907,2),(14908,2),(14909,2),(14910,2),(15296,2),(15496,2),(15497,2),(15776,2),(15777,2),(15778,2),(15779,2),(15780,2),(15781,2),(15782,2),(15783,2),(15784,2),(15785,2),(15786,2),(15787,2),(16092,2),(16093,2),(16094,2),(16095,2),(16096,2),(16097,2),(16598,1),(16620,2),(16621,2),(16622,2),(16792,2),(16793,2),(16794,2),(16924,2),(16925,2),(16926,2),(16927,2),(16928,2),(16929,2),(16930,2),(16931,2),(16932,2),(16933,2),(17059,2),(17060,2),(17061,2),(17255,2),(17257,2);
/*!40000 ALTER TABLE `product_to_category` ENABLE KEYS */;
UNLOCK TABLES;

--
-- Table structure for table `products`
--

DROP TABLE IF EXISTS `products`;
/*!40101 SET @saved_cs_client     = @@character_set_client */;
/*!40101 SET character_set_client = utf8 */;
CREATE TABLE `products` (
  `Id` int(11) NOT NULL,
  `Sku` varchar(100) DEFAULT NULL,
  `Name` varchar(255) DEFAULT NULL,
  `Description` text,
  `Image` varchar(255) DEFAULT NULL,
  `InStock` int(10) unsigned DEFAULT NULL,
  `Price` decimal(15,4) unsigned DEFAULT NULL,
  `IncomingPrice` decimal(15,4) DEFAULT NULL,
  `IncomingCurrency` char(3) DEFAULT NULL,
  `IncomingCurrencyRate` decimal(15,4) unsigned DEFAULT NULL,
  PRIMARY KEY (`Id`),
  UNIQUE KEY `ProductSku_UNIQUE` (`Sku`)
) ENGINE=InnoDB DEFAULT CHARSET=utf8;
/*!40101 SET character_set_client = @saved_cs_client */;

--
-- Dumping data for table `products`
--

LOCK TABLES `products` WRITE;
/*!40000 ALTER TABLE `products` DISABLE KEYS */;
INSERT INTO `products` VALUES (4972,'FB263','deathnote ryuk фигурка','Высота ~20 см','1241695668.jpg',0,225.0000,112.0000,'UAH',1.0000),(4973,'FB264','code geass c.c фигурка','-','1243256060.jpg',0,302.0000,151.0000,'UAH',1.0000),(4975,'FB266','kuroshitsuji Sebastian фигурка','Высота ~20 см','1244805796.jpg',0,285.0000,142.0000,'UAH',1.0000),(4976,'FB267','kuroshitsuji Ciel фигурка','Высота ~20 см','1245587468.jpg',0,299.0000,149.0000,'UAH',1.0000),(4977,'FB268','anime фигурка','-','1245663345.jpg',0,260.0000,130.0000,'UAH',1.0000),(4979,'FB270','Kuroshitsuji фигурка','Nendroid/Нендроид высота ~ 10 см','1251202709.jpg',0,155.0000,77.0000,'UAH',1.0000),(4981,'FB272','Fate Stay Night фигурка','-','1260619711.jpg',0,180.0000,90.0000,'UAH',1.0000),(4982,'FB273','Харухи фигурка','-','20080417015608.jpg',0,200.0000,100.0000,'UAH',1.0000),(4983,'FB274','Лаки Стар фигурка','Nendroid/Нендроид высота ~ 10 см','20080619112707.jpg',0,229.0000,114.0000,'UAH',1.0000),(4984,'FB275','Набор фигурок из аниме Мой сосед Тоторо','-','20080624062929.jpg',1,387.0000,193.0000,'UAH',1.0000),(5792,'FB278','shakugan no shana фигурка','-','1237380886.jpg',0,176.0000,88.0000,'UAH',1.0000),(5793,'FB279','death note light фиугрка','-','1241772760.jpg',0,176.0000,88.0000,'UAH',1.0000),(5794,'FB280','rosario vampire фигурка','Высота ~16 см','1252062773.jpg',0,284.0000,141.0000,'UAH',1.0000),(5795,'FB281','Gurren Lagann Anime фигурка','-','1264147906.jpg',0,186.0000,93.0000,'UAH',1.0000),(5796,'FB282','K-On фиугрка','Nendroid/Нендроид высота ~ 10 см','1266994708.jpg',0,229.0000,114.0000,'UAH',1.0000),(5798,'FB284','Haruhi фиугрка','-','20080504033735.jpg',0,176.0000,88.0000,'UAH',1.0000),(5858,'FB286','hitman reborn фигурка','Высота ~17 см','1230722370.jpg',0,297.0000,148.0000,'UAH',1.0000),(5859,'FB287','death note Rem фигурка','-','1241772903.jpg',0,176.0000,88.0000,'UAH',1.0000),(5860,'FB288','EVE фигурка','Высота ~30 см','1256736730.jpg',0,572.0000,285.0000,'UAH',1.0000),(5863,'FB291','KiKis Delivery Service фигурка','-','1262920104.jpg',0,314.0000,157.0000,'UAH',1.0000),(5864,'FB292','Фигурка Клеймор','-','20080121043354.jpg',0,312.0000,156.0000,'UAH',1.0000),(5865,'FB293','Фигурка Rozen Maiden','-','20080329043300.jpg',0,528.0000,264.0000,'UAH',1.0000),(5867,'FB295','Копилка Тоторо','большая копилка 20 см высотой','20080423061504.jpg',0,176.0000,88.0000,'UAH',1.0000),(5928,'FB296','One Piece фигурка','-','1252922916.jpg',0,178.0000,89.0000,'UAH',1.0000),(5978,'FB306','Kara No Kyoukai фигурка','10 см','1262599837.jpg',0,215.0000,107.0000,'UAH',1.0000),(5981,'FB309','Фигурка из аниме Небесный замок Лапута','-','1262916023.jpg',0,278.0000,139.0000,'UAH',1.0000),(6054,'FB311','Ignis фигурка','-','1259844416.jpg',0,784.0000,392.0000,'UAH',1.0000),(6055,'FB312','One Piece Anime фигурка','-','1270014517.jpg',0,78.0000,39.0000,'UAH',1.0000),(6057,'FB314','Black Rock Shooter фигурка','Высота ~27 см','1271852882.jpg',0,657.0000,328.0000,'UAH',1.0000),(6059,'FB316','K-ON фигурка','цена за одну фигурку','1272968550.jpg',0,304.0000,152.0000,'UAH',1.0000),(6149,'FB317','kannagi Crazy Shrine Maidens фигурка','10 см','1253970286.jpg',0,180.0000,90.0000,'UAH',1.0000),(6599,'FB141','Ruuk [DeathNote]','<p><font style=\"BACKGROUND-COLOR: rgb(252,252,252)\" face=\"Times New Roman\" size=\"3\">Большая фигурка Бога смерти Рююка с аниме блокбастера &quot;Тетрадь смерти&quot;. Рююк сидит на небесной скале и смотрит в земную даль. Фигурка представляет один из моментов в эпизодах начальних серий анимесериала.</font></p>','DNFG0041-1.jpg',0,220.0000,110.0000,'UAH',1.0000),(7808,'FB324','Touhou Project фигурка','Nendroid/Нендроид высота ~ 10 см','1276254842.jpg',1,256.0000,127.0000,'UAH',1.0000),(7810,'FB329','K On! фигурка','-','1280829810.jpg',0,252.0000,126.0000,'UAH',1.0000),(7812,'FB330','Totoro копилка','-','1281504194.jpg',0,208.0000,104.0000,'UAH',1.0000),(7816,'FB333','katekyo hitman reborn hibari kyoya фигурка','-','1243581837.jpg',0,314.0000,157.0000,'UAH',1.0000),(8136,'FB334','K-ON! фигурка','-','1274961694.jpg',0,320.0000,160.0000,'UAH',1.0000),(9898,'FB341','Hatsune Miku фигурка','-','1312516975.jpg',0,284.0000,142.0000,'UAH',1.0000),(9899,'FB342','My Little Sister Can\'t Be This Cute фигурка','высота ~20 см','1313601239.jpg',0,217.0000,108.0000,'UAH',1.0000),(10291,'FB343','onegai teather фигурка','-','1245662966.jpg',0,298.0000,149.0000,'UAH',1.0000),(10293,'FB345','Lineage II фигурка','22 см','1278306551.jpg',0,463.0000,231.0000,'UAH',1.0000),(10297,'FB349','Suzumiya Haruhi фигурка','10 см','1293704646.jpg',0,184.0000,92.0000,'UAH',1.0000),(10298,'FB350','Noumi Kudryavka фигурка','Высота ~5 см','1295002769.jpg',1,271.0000,135.0000,'UAH',1.0000),(10302,'FB354','Chobits Anime фигурка','Высота ~13 см','1305261547.jpg',0,306.0000,152.0000,'UAH',1.0000),(10304,'FB356','Code Geass Anime фигурка','26 см','1305890439.jpg',0,837.0000,418.0000,'UAH',1.0000),(10311,'FB363','Angel Beats фигурка','-','1316066297.jpg',0,432.0000,216.0000,'UAH',1.0000),(10312,'FB364','Chi\'s Sweet House фигурка','В ассортименте <br/>цена за штуку <br/> высота 15см','1317642433.jpg',0,112.0000,56.0000,'UAH',1.0000),(10313,'FB365','Puella Magi Madoka Magica фигурка','Nendroid/Нендроид высота ~ 10 см','1317992255.jpg',0,160.0000,79.0000,'UAH',1.0000),(10891,'FB369','Dead Or Alive фигурка','-','1298978679.jpg',0,406.0000,202.0000,'UAH',1.0000),(10895,'FB370','Fate Stay Night фигурка нендроид','Высота 10 см <br/>В комплекте идёт одна фигурка со сменными лицами и различными аксессуарами','1299827268.jpg',0,186.0000,92.0000,'UAH',1.0000),(11288,'FB385','Hatsune Miku фигрука','нендроид, высота ~10 см','HMFR4522.jpg',0,200.0000,99.0000,'UAH',1.0000),(11387,'FB377','Puella Magi Madoka Magica фигрука','Nendroid/Нендроид высота ~ 10 см','1317029899.jpg',0,215.0000,107.0000,'UAH',1.0000),(11391,'FB378','Magical Girl Lyrical Nanoha Strikers фигурка','-','1319285224.jpg',0,240.0000,120.0000,'UAH',1.0000),(11398,'FB376','Hakuouki фигурка','-','1303204377.jpg',0,336.0000,168.0000,'UAH',1.0000),(11405,'FB381','Bleach фигрука','высота 25 см','1322746436.jpg',0,688.0000,344.0000,'UAH',1.0000),(11407,'FB382','One Piece фигрука','-','1324709220.jpg',0,496.0000,248.0000,'UAH',1.0000),(11419,'FB383','Bleach фигурка','-','BLFR5846.jpg',0,349.0000,174.0000,'UAH',1.0000),(11421,'FB384','Dragon Ball фигурка','-','DBFR7441.jpg',0,180.0000,89.0000,'UAH',1.0000),(11424,'FB380','Puella agi Madoka Magica фигрука','-','1320131844.jpg',0,181.0000,90.0000,'UAH',1.0000),(11428,'FB374','Miku Hatsune фигрука','-','1283502790.jpg',0,506.0000,252.0000,'UAH',1.0000),(11429,'FB388','White Rock Shooter фигрука','высота ~18 см','WRFR4518.jpg',0,547.0000,273.0000,'UAH',1.0000),(11920,'FB404','Shining Heart фигурка','-','SHFR00110.jpg',1,335.0000,167.0000,'UAH',1.0000),(11953,'FB406','Toradora фигурка','Высота ~18 см','TAFR7522.jpg',1,446.0000,222.0000,'UAH',1.0000),(11956,'FB390','Puella agi Madoka Magica фигурка','Высота ~17 см','1332844550.jpg',0,267.0000,133.0000,'UAH',1.0000),(11964,'FB405','Sonicomi фигурка','Высота ~20 см','SOFR7554.jpg',0,559.0000,279.0000,'UAH',1.0000),(11970,'FB397','Hatsune Miku  фигурка','Нендроид, высота ~10 см','HMFR00929.jpg',0,186.0000,92.0000,'UAH',1.0000),(12027,'FB407','Vocaloid фигурка','Nendroid/Нендроид высота ~ 10 см','VOFR05745.jpg',0,263.0000,131.0000,'UAH',1.0000),(12043,'FB392','Bakemonogatari фигрука','Высота ~15 см','BAFR05737.jpg',0,622.0000,310.0000,'UAH',1.0000),(12051,'FB403','Spirited Away фигурка','Высота ~13 см','SAFR04746.jpg',0,341.0000,170.0000,'UAH',1.0000),(12060,'FB396','Steina Gate фигурка','Высота ~22 см','FTFR04388.jpg',0,591.0000,295.0000,'UAH',1.0000),(12353,'FB411','Fate/Zero фигурка','Нендроид, высота ~10 см','FZFR06885.jpg',0,217.0000,108.0000,'UAH',1.0000),(12357,'FB412','Nekogami Yaoyorozu фигука','Нендроид, высота ~10 см','NYFR06753.jpg',0,195.0000,97.0000,'UAH',1.0000),(12372,'FB410','Guilty Gear фигурка','Высота ~30 см','ANFR09164.jpg',0,616.0000,307.0000,'UAH',1.0000),(12392,'FB409','Sora no otoshimono фигурка','-','ANFR08251.jpg',0,802.0000,400.0000,'UAH',1.0000),(12558,'FB417','Keumaya Final фигурка','Высота ~26 см','1316072171.jpg',0,1168.0000,583.0000,'UAH',1.0000),(12563,'FB422','Ano Hi Mita Hana no Namae o Bokutachi wa Mada Shiranai фигурка','Высота ~22 см','AHFR11358.jpg',0,573.0000,286.0000,'UAH',1.0000),(12564,'FB423','Embracejapan фигурка','Высота ~17 см','ANFR05738.jpg',0,1423.0000,711.0000,'UAH',1.0000),(12566,'FB425','Denpa Onna to Seishun Otoko фигурка','Nendroid/Нендроид высота ~ 10 см','DOFR09872.jpg',0,174.0000,86.0000,'UAH',1.0000),(12571,'FB430','Kagamine Len фигурка','Высота ~13 см','HMFR09926.jpg',0,305.0000,152.0000,'UAH',1.0000),(12572,'FB431','Kagamine Rin фигурка','Высота ~14 см','HMFR09927.jpg',0,305.0000,152.0000,'UAH',1.0000),(12574,'FB433','Natsume Yuujinchou San фигурка','Высота ~17 см','NYFR09856.jpg',0,446.0000,222.0000,'UAH',1.0000),(12676,'FB439','Boku Wa Tomodachi Ga Sukunai фигурка','-','BWFR13398.jpg',0,405.0000,202.0000,'UAH',1.0000),(12846,'FB444','Accel World Anime Kuroyukihime фигурка','Nendroid/Нендроид высота ~ 10 см','AWFR14702.jpg',0,186.0000,92.0000,'UAH',1.0000),(12927,'FB447','Fate Stay Night фигрука','Nendroid/Нендроид высота ~ 10 см','FTFR15779.jpg',1,250.0000,124.0000,'UAH',1.0000),(13230,'M790','Куклы. Том 2','\"Dolls. Vol. 2.<br />Автор: Naked Ape (Саки Отоо, Накамура Томоми)<br />Категория: Манга<br />Производитель: Фабрика Комиксов<br />Жанр: Детектив, Драма<br />Год выпуска в России: 2013<br />Год выпуска оригинала: 2005<br />Томов в серии: 12<br />Количество страниц: 192<br />Вес: 190 гр.<br />																									<div itemprop=\"\"description\"\"><span>			    			    			    Столицу Третьей империи Тоуто захлестнула волна преступности. Желая ускорить процесс исполнения приговоров, правительство приняло “Закон об эффективности судебной системы”, согласно которому суды получили право выносить смертные приговоры в отсутствии обвиняемых. Сотрудники Особого отдела по исполнению высшей меры наказания должны были самостоятельно разыскивать преступников и немедленно приводить приговор в исполнение. За беспрекословное подчинение букве закона и неслыханную жестокость их прозвали “куклами”. (Комментарий авторов: Здравствуйте! Добро пожаловать в мир нашей фантазии! В этой манге много пистолетов, военной формы, заброшенных зданий и всего того, что считается традиционным в подобных сюжетах.)									</span></div>\"','M790.jpg',1,102.0000,50.0000,'UAH',1.0000),(13231,'M791','Кровь виновного пса. Том 2','\"Togainu no Chi. Vol. 2.<br />Автор: Nitro+CHiRAL, Chayamachi Suguro<br />Категория: Манга<br />Производитель: Фабрика Комиксов<br />Источник: Togainu no Chi<br />Жанр: Драма, Постапокалиптика, Сёнэн-Ай<br />Год выпуска в России: 2013<br />Год выпуска оригинала: 2006<br />Томов в серии: 10<br />Количество страниц: 192<br />Вес: 190 гр.<br />																									<div itemprop=\"\"description\"\"><span>Манга основана на известной компьютерной игре, выпущенной компанией Nitro+CHiRAL. Действие разворачивается в постапокалиптической Японии. Главный герой Акира приговорен к пожизненному заключению, которого он может избежать, если примет участие в жестокой игре “Игура”.</span></div>\"','M791.jpg',0,105.0000,52.0000,'UAH',1.0000),(13232,'M792','Кровь виновного пса. Том 3','\"Togainu no Chi. Vol. 3.<br/>Автор: Nitro+CHiRAL, Chayamachi Suguro<br/>Категория: Манга<br/>Производитель: Фабрика Комиксов<br/>Источник: Togainu no Chi<br/>Жанр: Драма, Постапокалиптика, Сёнэн-Ай<br/>Год выпуска в России: 2013<br/>Год выпуска оригинала: 2006<br/>Томов в серии: 10<br/>Количество страниц: 192<br/>Вес: 195 гр.<br/>																									<div itemprop=\'description\'><span>			    Манга основана на известной компьютерной игре, выпущенной компанией Nitro+CHiRAL. Действие разворачивается в постапокалиптической Японии. Главный герой Акира приговорен к пожизненному заключению, которого он может избежать, если примет участие в жестокой игре “Игура”.			</span></div>\"','M792.jpg',0,101.0000,50.0000,'UAH',1.0000),(13233,'M793','Кантарелла. Том 5','\"Cantarella. Vol. 5.<br />Автор: Ю Хигури<br />Категория: Манга<br />Производитель: Палма Пресс<br />Жанр: Романтика, Сёдзё, Сёнэн-Ай, Фэнтези<br />Год выпуска в России: 2013<br />Год выпуска оригинала: 2002<br />Томов в серии: 10<br />Количество страниц: 184<br />Вес: 190 гр.<br />																									<div itemprop=\"\"description\"\"><span>			    Предсказание Чезаре о бедах и несчастьях на земле Италии начинает сбываться: французский король идет войной на Неаполь, захватывая по дороге власть в крупных городах и угрожая Папе римскому свержением с престола. Александр VI в панике. В этой непростой ситуации только Чезаре может помочь ему сохранить могущество. Юноша с трудом удерживает в душе равновесие света и тьмы. В момент, когда он теряет единственного любимого человека, силам зла почти удается взять над ним верх.			</span></div>\"','M793.jpg',1,117.0000,58.0000,'UAH',1.0000),(13234,'M794','Двойная спика. Том 2','\"Futatsu no Spica. Vol. 2.<br/>Автор:  Ягинума Ко<br/>Категория: Манга<br/>Производитель: Фабрика Комиксов<br/>Жанр: Драма, Повседневность, Сёнэн, Фантастика<br/>Год выпуска в России: 2013<br/>Год выпуска оригинала: 2003<br/>Томов в серии: 16<br/>Количество страниц: 192<br/>Вес: 200 гр.<br/>																									<div itemprop=\'description\'><span>После крушения ракеты \'Сисиго\' в центре города Юигихама, жители Японии враждебно воспринимали любые упоминания о космосе. Чтобы не допустить повторения трагедии, была создана космическая академия для подготовки квалифицированных космонавтов и инженеров. В неё поступает юная Комогава Асуми, мечтающая о полётах к звездам с детства. Вместе с друзьями ей предстоит преодолеть неожиданные испытания и сложные тренировки, чтобы когда-нибудь, возможно, взглянуть на землю из космоса.</span></div>\"','M794.jpg',1,98.0000,48.0000,'UAH',1.0000),(13235,'M795','Двойная спика. Том 3','\"Futatsu no Spica. Vol. 3.<br/>Автор: Ягинума Ко (Kou Yaginuma)<br/>Категория: Манга<br/>Производитель: Фабрика Комиксов<br/>Жанр: Драма, Повседневность, Фантастика<br/>Год выпуска в России: 2013<br/>Год выпуска оригинала: 2001<br/>Томов в серии: 16<br/>Количество страниц: 192<br/>Вес: 195 гр.<br/>																									<div itemprop=\'description\'><span>После крушения ракеты \'Сисиго\' в центре города Юигихама, жители Японии враждебно воспринимали любые упоминания о космосе. Чтобы не допустить повторения трагедии, была создана космическая академия для подготовки квалифицированных космонавтов и инженеров. В неё поступает юная Комогава Асуми, мечтающая о полётах к звездам с детства. Вместе с друзьями ей предстоит преодолеть неожиданные испытания и сложные тренировки, чтобы когда-нибудь, возможно, взглянуть на землю из космоса.</span></div>\"','M795.jpg',3,98.0000,48.0000,'UAH',1.0000),(13236,'M796','MNG. Альманах русской манги. Выпуск 7','\"Производитель: Фабрика Комиксов<br />Жанр: Сёдзё<br />Год выпуска в России: 2013<br />Год выпуска оригинала: 2013<br />Количество страниц: 256<br />Вес: 250 гр.<br />																									<div itemprop=\"\"description\"\"><span>			    Очередной сборник рисованных историй в стиле манга от русских авторов, изданный \'Фабрикой Комиксов\'. На этот раз тема номер - сёдзе.			</span></div>\"','M796.jpg',1,131.0000,65.0000,'UAH',1.0000),(13347,'M797','Хеталия и страны Оси. Том 3','\"Hetalia Axis Powers. Vol 3. <br />Автор:  Химаруи Хидэкадзу (Himaruya Hidekazu)<br />Категория: Манга<br />Производитель: Фабрика Комиксов<br />Источник: Hetalia: Axis Powers<br />Жанр: История, Комедия, Сатира<br />Год выпуска в России: 2013<br />Год выпуска оригинала: 2008<br />Томов в серии: 5+<br />Количество страниц: 136<br />Вес: 170 гр.<br />																									<div itemprop=\"\"description\"\"><span>			    Долгожданный третий том!События Первой мировой войны, Второй мировой войны, предвоенного, межвоенного и послевоенного периодов показаны как взаимоотношения между героями манги. В сюжете фигурируют 40 стран и, соответственно, 40 персонажей.			</span></div>\"','M797.jpg',2,138.0000,69.0000,'UAH',1.0000),(13348,'M798','Нелюбимый. Том 1','\"528125<br />Loveless. Vol 1. <br />Автор: Кога Юн<br />Категория: Манга<br />Производитель: Фабрика Комиксов<br />Источник: Loveless<br />Жанр: Мистика, Сёнэн-Ай, Фэнтези<br />Год выпуска в России: 2013<br />Год выпуска оригинала: 2002<br />Томов в серии: 12+<br />Количество страниц: 194<br />Вес: 220 гр.<br />																									<div itemprop=\"\"description\"\"><span>			    			    Легендарная манга \'Loveless\' - теперь в лицензии на русском языке!В первый день в своей новой школе 12-летний мальчик встретил таинственного молодого человека по имени Соби. Он назвался хорошим другом старшего брата Рицуки, Сэймэя, обгоревший труп которого был найден два года назад. По слухам, старшего брата убила некая организация «Семь Лун», но Соби отказывается отвечать на все вопросы Рицуки. Рицука просит Соби поделить с ним «воспоминания», но в парке на них нападают двое молодых людей, которым известно что-то о «Семи Лунах».						</span></div>\"','M798.jpg',7,115.0000,57.0000,'UAH',1.0000),(13349,'M799','Мун. Бегство из дворца. Том 1','\"Автор: Алексей Караулов, Сайконо Джокер<br />Категория: Манга<br />Производитель: Фабрика Комиксов<br />Жанр: Приключения, Сёнэн, Фэнтези<br />Год выпуска в России: 2013<br />Год выпуска оригинала: 0000<br />Томов в серии: 2<br />Количество страниц: 192<br />Вес: 200 гр.<br />																									<div itemprop=\"\"description\"\"><span>			    Ты скоро забудешь о своих мирских заботах, путник! Ибо история, что сокрыта в этом свитке, поразит твое воображение. Испокон веков шла охота за подобными рукописями. Знай же, тебе несказанно повезло держать в руках одну из них! Я даже завидую тебе! Ты узнаешь о древнем культе Дракона, машине-убийце, хитром правителе Муне и многом другом. Не медли! Вперед!Предупреждение: это русская манга!			</span></div>\"','M799.jpg',0,93.0000,46.0000,'UAH',1.0000),(13350,'M800','Крушитель. Том 3','\"The Breaker. Vol. 3.<br />Автор: Чон Гыкчин, Пак Чинхван<br />Категория: Манга<br />Производитель: Alt Graph<br />Жанр: Боевые искусства, Сёнэн, Школа<br />Год выпуска в России: 2013<br />Год выпуска оригинала: 2007<br />Томов в серии: 10<br />Количество страниц: 208<br />Вес: 200 гр.<br />																									<div itemprop=\"\"description\"\"><span>			    			    Вот это да! Злодей, напавший на Хан Чхону, оказывается девушкой, да ещё и новой школьной медсестрой! Но что-то Хан Чхону не в восторге, неужели Ли Сихо не в его вкусе? Пока боевая красотка Ли Сихо покоряет своим искусством учителей и школьников, Сиун начинает тренировки. Но стометровка не поддаётся, а забег вокруг школы заканчивается на больничной койке. Как такой слабак может стать учеником мастера боевых искусств? Он ещё не знает, что влип не на шутку — покоритель женских сердец Хан Чхону оказывается втянут в опасные игры кланов. Сезон охоты на бессердечного убийцу Кумуллёна открыт! Первый мститель Сон Киджу уже рвётся в бой, чтобы расквитаться с ним за смерть своего наставника. Кто же по-настоящему разгонит кровь Сиуна: загадочный боец Кумуллён и физкультура или красотка Ли Сихо и опасное зелье Ирвольсиндан?						</span></div>\"','M800.jpg',5,99.0000,49.0000,'UAH',1.0000),(13458,'M801','Волчица и пряности. Том 7','\"Wolf and Spice. Vol. 7.<br />Автор: Кэйто Коумэ, Исуна Хасэкура<br />Категория: Манга<br />Производитель: Истари Комикс<br />Источник: Spice and Wolf<br />Жанр: Приключения, Фэнтези<br />Год выпуска в России: 2013<br />Год выпуска оригинала: 2006<br />Томов в серии: 9+<br />Количество страниц: 192<br />Вес: 200 гр.<br />																									<div itemprop=\"\"description\"\"><span>В поисках дороги в Йойс, Лоуренс и Холо приезжают в небольшую деревню Терэо. Где-то в её окрестностях расположен тайный монастырь, в котором хранятся книги с древними легендами. Но уйти из этого монастыря может быть даже сложнее, чем найти его...</span></div>\"','M801.jpg',11,112.0000,55.0000,'UAH',1.0000),(13459,'M802','Волчица и пряности. Том 8','\"Wolf and Spice. Vol. 8.<br />Автор: Кэйто Коумэ, Исуна Хасэкура<br />Категория: Манга<br />Производитель: Истари Комикс<br />Источник: Spice and Wolf<br />Жанр: Приключения, Фэнтези<br />Год выпуска в России: 2013<br />Год выпуска оригинала: 2006<br />Томов в серии: 9+<br />Количество страниц: 192<br />Вес: 200 гр.<br />																									<div itemprop=\"\"description\"\"><span>Благополучно разрешив кризис в Терэо, Лоуренс и Холо оставляют повозку в Реносе и плывут по реке, пытаясь догнать ускользающее от них богатство. И плывут они не одни...</span></div>\"','M802.jpg',10,109.0000,54.0000,'UAH',1.0000),(13460,'M803','Наруто. Книга 21. Я не прощу!','\"Naruto. Vol. 21.<br />Автор: Масаси Кисимото<br />Категория: Манга<br />Производитель: Эксмо<br />Источник: Naruto<br />Жанр: Боевик, Комедия, Сёнэн, Фэнтези<br />Год выпуска в России: 2013<br />Год выпуска оригинала: 1999<br />Томов в серии: 56+<br />Количество страниц: 192<br />Вес: 200 гр.<br />																									<div itemprop=\"\"description\"\"><span>Саскэ покидает Деревню, Скрытую в Листве, и Сикамару поручают найти и вернуть его обратно. Может быть, Сикамару и не самый сильный из гэнинов, но он отправляется в поход не один. Смогут ли они настигнуть Саскэ и его спутников?</span></div>\"','M803.jpg',2,83.0000,41.0000,'UAH',1.0000),(13461,'M804','Школа убийц. Том 6','\"Gunslinger Girl. Vol. 6.<br />Автор: Ю. Айда<br />Категория: Манга<br />Производитель: Сакура-пресс<br />Источник: Gunslinger Girl<br />Жанр: Драма<br />Год выпуска в России: 0000<br />Год выпуска оригинала: 0000<br />Вес: 200 гр.<br />																									<div itemprop=\"\"description\"\"><span>Новый сотрудник Второго отдела Алессандро подыскивает себе будущую напарницу. В одной из больниц он встречает будущую балерину Елизавету. Обменявшись с ней парой фраз и попрощавшись, Алессандро не подозревает, что уже очень скоро она встретится ему снова...</span></div>\"','M804.jpg',1,71.0000,35.0000,'UAH',1.0000),(13462,'M805','Возвращение своенравного короля','\"Автор: &#12431;&#12364;&#12414;&#12414;&#29579;&#12398;&#12372;&#24112;&#36996;<br />Категория: Манга<br />Производитель: XL Media<br />Серия: I Love Yaoi<br />Жанр: Комедия, Повседневность, Романтика, Яой<br />Год выпуска в России: 2013<br />Год выпуска оригинала: 2012<br />Томов в серии: 1<br />Количество страниц: 180<br />Вес: 210 гр.<br />																									<div itemprop=\"\"description\"\"><span>Серьезный, но в то же время простодушный Кагава шестнадцать лет проработал в фирме Кудо. Все эти годы его изводил старший сын семейства, Кудо Кадзуки. Глуповатый малый, но это не помешало ему добиться успехов в модельном бизнесе и завоевать мировую популярность. Однажды Кадзуки догадывается о чувствах, которые Кагава питает к его младшему брату. Он обещает держать рот на замке, но выдвигает ошеломляющее условие.Издание содержит цветные иллюстрации и суперобложку.</span></div>\"','M805.jpg',4,110.0000,54.0000,'UAH',1.0000),(13463,'M806','Принц и трусишка','\"&#29579;&#23376;&#12373;&#12414;&#12392;&#24369;&#34411;&#12367;&#12435;<br />Автор: Ямано Дэко<br />Категория: Манга<br />Производитель: XL Media<br />Серия: I Love Yaoi<br />Жанр: Комедия, Повседневность, Романтика, Школа, Яой<br />Год выпуска в России: 2013<br />Год выпуска оригинала: 2012<br />Томов в серии: 1<br />Количество страниц: 164<br />Вес: 200 гр.<br />																									<div itemprop=\"\"description\"\"><span>			    			    			    Студент Хайтани Кэнскэ боится насекомых, они же, напротив, его сильно обожают. Даже в университете ему нужно всегда быть начеку. Однажды во время лекции он заметил огромного богомола, который направлялся прямо к его парте! К счастью, Хайтани был спасен. Помощь подоспела в лице сокурсника, Айно Канадэ, который за свой невероятно добрый поступок  получает имя Принц.  Находясь под сильным впечатлением от случившегося, Хайтани хочет подружиться со своим спасителем и самое главное – понравиться ему. Как же сложатся отношения Принца - любителя насекомых, и его робкого поклонника?						Издание содержит цветные иллюстрации и суперобложку.			</span></div>\"','M806.jpg',5,103.0000,51.0000,'UAH',1.0000),(13797,'FB460','Iron Man фигурка','Нендроид высота ~10 см','IMFR22681.jpg',1,165.0000,82.0000,'UAH',1.0000),(13869,'FB465','Spider Man фигурка','Нендроид высота ~10 см','SMFR22248.jpg',1,204.0000,101.0000,'UAH',1.0000),(13985,'M807','Хеталия и страны Оси. Том 4','\"Hetalia Axis Powers. Vol 4.<br />Автор: Химаруи Хидэкадзу (Himaruya Hidekazu)<br />Категория: Манга<br />Производитель: Фабрика Комиксов<br />Источник: Hetalia: Axis Powers<br />Жанр: История, Комедия, Сатира<br />Год выпуска в России: 2013<br />Год выпуска оригинала: 2008<br />Томов в серии: 5+<br />Количество страниц: 136<br />Вес: 170 гр.<br />																									<div itemprop=\"\"description\"\"><span>			    События Первой мировой войны, Второй мировой войны, предвоенного, межвоенного и послевоенного периодов показаны как взаимоотношения между героями манги. В сюжете фигурируют 40 стран и, соответственно, 40 персонажей.			</span></div>\"','M807.jpg',1,143.0000,71.0000,'UAH',1.0000),(13986,'M808','Ёцуба! Том 5','\"Yotsubato! Vol 5.<br />Автор: Адзума Киёхико<br />Категория: Манга<br />Производитель: Палма Пресс<br />Источник: Yotsubato!<br />Жанр: Комедия, Повседневность<br />Год выпуска в России: 2013<br />Год выпуска оригинала: 2003<br />Томов в серии: 11<br />Количество страниц: 192<br />Вес: 200 гр.<br />																									<div itemprop=\"\"description\"\"><span>Автобус, фейерверк, рай, слон... Список открытий маленькой непоседы Ёцубы можно продолжить, но остановимся, добавив только, что о Джамбо мы тоже узнаем много нового... Этот большой друг маленькой семьи Коиваи частенько бывает не в духе и на вопросы: «Почему в третьем томе Ёцуба превращается именно в Цветочного Купидона, а, например, не в тигра? Как у неё так легко получается вместе с розами дарить людям радость?» — он наверняка придумал бы отговорку вроде: «Потому что у этой девчушки «растительное» имя». Шутки шутками, но кто знает, а вдруг и вам Ёцуба принесёт счастье?..</span></div>\"','M808.jpg',1,107.0000,53.0000,'UAH',1.0000),(13988,'M810','Торадора! Том 2','\"Tiger x Dragon! Vol. 2.<br />Автор: Дзэккё, Ясу (Takemiya Yuyuko, Zekkyo)<br />Категория: Манга<br />Производитель: Фабрика Комиксов<br />Источник: Toradora!<br />Жанр: Драма, Комедия, Повседневность, Романтика<br />Год выпуска в России: 2013<br />Год выпуска оригинала: 2008<br />Томов в серии: 5+<br />Количество страниц: 192<br />Вес: 210 гр.<br />																									<div itemprop=\"\"description\"\"><span>Второй год в старшей школе Такасу Рюдзи начинает с попытки улучшить внешность. Однако, есть одно неприятное обстоятельство: хотя характер у него спокойный, он унаследовал жуткие глаза своего отца-бандита, и из-за этого часто происходят недоразумения между ним и его одноклассниками. Но всё меняется, когда в первый же день нового семестра он случайно сталкивается с самым опасным созданием в школе - Айсакой Тайгой, также известной как \'Карманный Тигр\'. Несмотря на миниатюрный размер, Тайга может с лёгкостью наводить трепет на окружающих, и, где бы она ни появлялась, за ней тянется \'кровавая дорожка\', из-за чего она и получила своё прозвище.После неудачного знакомства с Тайгой Рюдзи изо всех сил старается её избегать. Но случайно обнаруживает, что Тайга влюблена в его лучшего друга Китамуру Юсаку, в то же время Тайга узнаёт о его интересе к её лучшей подруге Кусиэде Минори. Тайга решает позволить Рюдзи в качестве \'личного слуги\' помочь ей с Китамурой, а в обмен она поможет Рюдзи стать ближе к Минори.Благодаря тому, что Рюдзи \'помешан\' на чистоте, а квартира Тайги расположена совсем рядом, она в итоге проводит большую часть свободного времени (исключая сон) в доме Рюдзи. Позже Рюдзи открывает такую сторону Тайги, которую люди обычно не видят, их отношения крепнут, и в конце концов расходится слух о том, что они встречаются.Так начинается история Тигра и Дракона - ТораДора!...</span></div>\"','M810.jpg',2,114.0000,56.0000,'UAH',1.0000),(13989,'M811','Куклы. Том 3','\"Dolls. Vol. 3.<br />Автор: Naked Ape (Саки Отоо, Накамура Томоми)<br />Категория: Манга<br />Производитель: Фабрика Комиксов<br />Жанр: Детектив, Драма<br />Год выпуска в России: 2013<br />Год выпуска оригинала: 2005<br />Томов в серии: 12<br />Количество страниц: 192<br />Вес: 200 гр.<br />																									<div itemprop=\"\"description\"\"><span>Столицу Третьей империи Тоуто захлестнула волна преступности. Желая ускорить процесс исполнения приговоров, правительство приняло «Закон об эффективности судебной системы», согласно которому суды получили право выносить смертные приговоры в отсутствии обвиняемых. Сотрудники Особого отдела по исполнению высшей меры наказания должны были самостоятельно разыскивать преступников и немедленно приводить приговор в исполнение. За беспрекословное подчинение букве закона и неслыханную жестокость их прозвали «куклами». (Комментарий авторов: Здравствуйте! Добро пожаловать в мир нашей фантазии! В этой манге много пистолетов, военной формы, заброшенных зданий и всего того, что считается традиционным в подобных сюжетах.)</span></div>\"','M811.jpg',2,101.0000,50.0000,'UAH',1.0000),(13990,'M812','Двойная спика. Том 4','\"Futatsu no Spica. Vol. 4.<br />Автор: Ягинума Ко (Kou Yaginuma)<br />Категория: Манга<br />Производитель: Фабрика Комиксов<br />Жанр: Драма, Повседневность, Фантастика<br />Год выпуска в России: 2013<br />Год выпуска оригинала: 2001<br />Томов в серии: 16<br />Количество страниц: 192<br />Вес: 200 гр.<br />																									<div itemprop=\"\"description\"\"><span>После крушения ракеты \'Сисиго\' в центре города Юигихама, жители Японии враждебно воспринимали любые упоминания о космосе. Чтобы не допустить повторения трагедии, была создана космическая академия для подготовки квалифицированных космонавтов и инженеров. В неё поступает юная Комогава Асуми, мечтающая о полётах к звездам с детства. Вместе с друзьями ей предстоит преодолеть неожиданные испытания и сложные тренировки, чтобы когда-нибудь, возможно, взглянуть на землю из космоса.</span></div>\"','M812.jpg',2,98.0000,48.0000,'UAH',1.0000),(13991,'M813','Номер один. Том 2','\"The One. Vol. 2.<br />Автор: Никки Ли (Nicky Lee)<br />Категория: Манга<br />Производитель: Фабрика Комиксов<br />Жанр: Комедия, Сёдзё<br />Год выпуска в России: 2013<br />Год выпуска оригинала: 2006<br />Томов в серии: 13+<br />Количество страниц: 192<br />Вес: 200 гр.<br />																									<div itemprop=\"\"description\"\"><span>В Тэн Лэлэ течет кровь топ-модели, но сама она даже думать не хотела о том, чтобы идти в модельный бизнес, до тех пор пока в модном журнале ей не попалась фотография Ангуса Лэнсона, самого знаменитого из мужчин «с обложки». Только тогда Тэн Лэлэ поняла, что это не просто позирование перед камерой, а дело, которым можно заниматься, и у нее появилось желание стать моделью!</span></div>\"','M813.jpg',1,110.0000,54.0000,'UAH',1.0000),(14052,'M814','У меня мало друзей. Том 7','\"Boku wa Tomodachi ga Sukunai. Vol. 7.<br />Автор: Итати, Хирасака Ёми<br />Категория: Манга<br />Производитель: XL Media<br />Источник: Boku wa Tomodachi ga Sukunai<br />Жанр: Комедия, Школа, этти<br />Год выпуска в России: 2013<br />Год выпуска оригинала: 2013<br />Томов в серии: 8+<br />Количество страниц: 182<br />Вес: 195 гр.																									<div itemprop=\"\"description\"\"><span>  То, что произошло на фестивале в конце летних каникул, никак не изменило жизнь Кодаки. У него по-прежнему нет друзей. Некоторые члены клуба,например Ёдзора, решили сменить имидж. Впрочем, ничего хорошего из этого, как обычно, не вышло. Постойте! А кто эта особа, совершенно не похожая на себя?! Встречайте седьмой том популярной романтической комедии!    			    			    			    			    			    																					</span></div>\"','M814.jpg',3,112.0000,55.0000,'UAH',1.0000),(14053,'M815','Отодама: призрачные звуки. Том 2','\"Otodama. Vol. 2.<br/>Автор: Нитта Ёка (Nitta Youka)<br/>Категория: Манга<br/>Производитель: Персона Пресс<br/>Жанр: Детектив, Драма, Мистика, Полиция, Психология, Триллер<br/>Год выпуска в России: 2013<br/>Год выпуска оригинала: 2007<br/>Томов в серии: 3+<br/>Количество страниц: 258<br/>Вес: 300 гр.<br/>Артикул: Manga-927<br/>																									<div itemprop=\'description\'><span>			    128х182 мм, суперобложка, 258 стр., цветная вставка, печать офсетная			    			    			    			    Как познакомились Отонаси и Хидэ? Почему ушли из полиции? Зачем Хидэ стал частным детективом и для чего не берёт со своих клиентов деньги за расследования? По какой причине Отонаси не ладит со старшим инспектором муниципальной полиции и братом Хидэ, Ясухиро Нагацумой? Почему Хидэ одинок и не хочет знакомиться с девушками? Какую тайну хранит их прошлое? Узнай прямо сейчас в продолжении мистического детектива «Отодама: призрачные звуки».															</span></div>\"','M815.jpg',17,177.0000,88.0000,'UAH',1.0000),(14133,'FB473','Ao no Exorcist Rin Okumura фигурка','высота 22,5 см','ANFR17048.jpg',0,482.0000,240.0000,'UAH',1.0000),(14140,'FB471','Merissa Seraphy Devil Ver фигурка','Nendroid/Нендроид высота ~ 10 см','1254130104.jpg',0,229.0000,114.0000,'UAH',1.0000),(14141,'FB487','Touhou Project Kirisame Marisa фигурка','Nendroid/Нендроид высота ~ 10 см','TPFR18691.jpg',0,190.0000,94.0000,'UAH',1.0000),(14142,'FB474','Death Note Anime Ryuk фигрука','высота 20 см','DNFR19082.jpg',0,132.0000,65.0000,'UAH',1.0000),(14144,'FB476','Hatsune Miku PVC Figure','Nendroid/Нендроид высота ~ 10 см','HMFR17958.jpg',0,200.0000,99.0000,'UAH',1.0000),(14146,'FB481','Sword Art Online Asuna фигурка','высота 20 см','SAFR22041.jpg',0,215.0000,107.0000,'UAH',1.0000),(14149,'FB485','Super Sonico фигурка','высота 27 см','SSFR17770.jpg',1,456.0000,227.0000,'UAH',1.0000),(14151,'FB478','One Piece Roronoa Zoro фигурка','высота 23 см','OPFR24781.jpg',0,285.0000,142.0000,'UAH',1.0000),(14152,'FB475','Fate Zero Saber фиугрка','высота 20 см','FZFR17974.jpg',0,354.0000,176.0000,'UAH',1.0000),(14154,'FB482','Slam Dunk фигурка','высота 23 см','SDFR28393.jpg',1,331.0000,165.0000,'UAH',1.0000),(14155,'FB483','Shingeki no Kyojin / Attack on Titan Eren фигурка','Нендроид, высота ~10 см','SKFR27394.jpg',1,150.0000,74.0000,'UAH',1.0000),(14158,'FB479','One Piece Ace фигурка','высота 23 см','OPFR26565.jpg',0,430.0000,214.0000,'UAH',1.0000),(14249,'FB488','Shingeki no Kyojin / Attack on Titan Levi Фигурка','Нендроид, высота ~10 см','SKFR27393.jpg',0,150.0000,74.0000,'UAH',1.0000),(14406,'M816','Нахальный принц и кошка-несмеяна. Том 1','\"Hentai Ouji to Warawanai Neko. Vol. 1.<br />Автор: Окомэкэн, Сагара Со, Кантоку <br />Производитель: XL Media<br />Источник: Hentai Ouji to Warawanai Neko.<br />Жанр: Комедия, Романтика, Школа, этти<br />Год выпуска в России: 2013<br />Год выпуска оригинала: 2011<br />Томов в серии: 4+<br />Количество страниц: 182<br />Вес: 185 гр.<br />																									<div itemprop=\"\"description\"\"><span>			    			    			    			    Ёкодэра Ёто — старшеклассник, в голову которому то и дело, что лезут одни только похабные мыслишки. Однажды, загадав статуэтке Равнодушного Кота одно необдуманное желание, он полностью теряет способность держать свой язык за зубами. Судьба сводит его с миленькой, но невозмутимой на первый взгляд Цуцукакуси Цукико, также пострадавшей от своей неосторожности. Они решают объединить свои усилия и вместе отыскать утраченные эмоции и способность лукавить. Первый том романтической комедии о легкомысленном пошляке и его подружке-несмеяне!												</span></div>\"','M816.jpg',1,112.0000,55.0000,'UAH',1.0000),(14420,'M817','Птичий остров','\"Автор: Мария Конопатова<br />Производитель: Истари Комикс<br />Жанр: Приключения, Романтика, Фантастика<br />Год выпуска в России: 2013<br />Год выпуска оригинала: 2013<br />Томов в серии: 1<br />Количество страниц: 208<br />Вес: 200 гр.<br />																									<div itemprop=\"\"description\"\"><span>			    			    Красивые пейзажи, солнце и море... Отличное место, чтобы отдохнуть летом! Но что за метеостанция стоит на вершине горы? И кто такой профессор Франческо, о котором говорят жители городка?..Атмосферные приключения и невероятные погодные явления ждут всех прибывших на этот остров!						</span></div>\"','M817.jpg',4,109.0000,54.0000,'UAH',1.0000),(14421,'M818','Босоногий Гэн. Том 1','\"Hadashi no Gen. Vol. 1.<br />Автор: Кэйдзи Накадзава<br />Производитель: Alt Graph<br />Источник: Hadashi no Gen<br />Жанр: Драма, История<br />Год выпуска в России: 2013<br />Год выпуска оригинала: 1973<br />Томов в серии: 5<br />Количество страниц: 528<br />Вес: 500 гр.<br />																									<div itemprop=\"\"description\"\"><span>Солнечное утро шестого августа 1945 года, жители Хиросимы буднично готовились к предстоящему дню. Ничего не предвещало беды, и никто не догадывался, что уже совсем скоро на город низвергнется ад.Кэйдзи Накадзава шёл в школу, когда в 8 часов 15 минут на высоте 600 метров над Хиросимой сдетонировала атомная бомба. Нестерпимый жар и взрывная волна чудовищной силы обрушились на него, когда он подходил к школе, находившейся в 1,2 км от эпицентра взрыва. Накадзаве было всего шесть лет, он учился в первом классе. Его спас школьный бетонный забор. Если бы он не прижался к нему, его бы ждала мгновенная смерть.Все последующие события, описанные в «Босоногом Гэне», происходили на глазах Кэйдзи Накадзавы и навсегда запечатлелись в его памяти.От издателя:В середине 90-х годов в России уже пытались выпускать «Босоного Гэна», но найти те издания сейчас практически невозможно, да и качество тех книг оставляло желать лучшего, поэтому мы решили подготовить и выпустить новое издание. Оно будет состоять из пяти книг, т.е. в одну нашу книгу будут входить два оригинальных японских тома. Так, например, в первой книге будет более 500 страниц. Также, надеемся, наших читателей порадуют:— увеличенный формат, качественная печать и склейка;— полностью переработанный перевод;— перерисованные вручную звуки;— новый тайпсет с использованием эксклюзивного шрифта;— обложки, специально подготовленные Николаем Писаревым, автором комикса «Не один».</span></div>\"','M818.jpg',3,213.0000,106.0000,'UAH',1.0000),(14466,'M819','Мистерия 3 Сборник рисованных историй в стиле манга','\"<p>	Мистерия 3</p><p>	Сборник рисованных историй в стиле манга</p><p>&nbsp;</p><p>	Авторы: Джэйре, Алеф, Виктория</p><p>	Жанр: романтика, мистика, психология, сёдзё, дзёсэй, этно, сказка</p><p>	Издательство: самиздат (Киев)</p><p>	Выпуск: 3</p><p>	Дата выхода: октябрь 2013</p><p>	Статус: 3-ий выпуск. Продолжение следует!</p><p>	Формат: А5, ч/б (с цветной обложкой и иллюстрациями-вставками), цифровая печать, 172 стр.</p><p>&nbsp;</p><p>	Описание: Новый выпуск сборника порадует читателей тремя историями, а также небольшой вариацией на тему «Симфонии для Виолетты» и сюрпризом в виде цветных иллюстраций и тематических скетчей.</p><p>&nbsp;</p><p>	«Лёгкость бабочки» – история про жизнь двух совершенно непохожих друг на друга творческих личностей: успешного инженера-дизанера Дэна и неудачника-художника Хомяка. Единственное, что их объединяет – это дружба и страсть к художественному делу. Только вот для Дэна рисование, скорее, лёгкое хобби – а для Хомяка это смысл всей жизни. Однако он вынужден размениваться по мелочам, чтобы как-то выживать в нашем грубом, потребительском мире.</p><p>	Парни часто друг друга не понимают. И однажды их нелёгкое общение приводит к серьёзной ссоре. Всё могло бы закончиться разрывом давних дружеских отношений и глубокой депрессией Хомяка. Но благодаря красно-чёрной бабочке и Маше, смышлёной девушке Дэна, старые друзья добиваются взаимопонимания – а один из них, самый потерянный, вдруг ясно осознаёт своё творческое призвание и силу…</p><p>&nbsp;</p><p>	«Цветок» – очаровательная история в форме сказки. Она рассказывает о трогательных отношениях влюблённых-русичей. От жаркой, как купальский огонь, искры их любви рождается прекрасный цветок. А ставшие легендой чувства проявляются в новом времени, соединяя сердца несмышлёной озорницы и упёртого, как все подростки, паренька.</p><p>	Милая художественная манера автора (Виктории) и поэтический сюжет не оставят равнодушными юных читательниц, а также всех, кто любит украинскую этнику в любом её проявлении.</p><p>&nbsp;</p><p>	«Взгляд ночи» – это первая часть масштабной истории о непростой судьбе девушки-ведьмы Алеф. В этой части, имеющей вид старинного предания, повествуется о доле чародеев, их традициях и предназначении. В центре всей этой магии и борьбы за силу – взаимоотношения колдуньи Алеф и оборотня-полукровки Фрейера. Их болезненная любовь, граничащая с ненавистью, захватывает воображение. Читателя ждёт душевное метание героев, таинственный мир магии, великолепная рисовка, богатая художественная детализация и чувственные сцены.</p><p>&nbsp;</p><p>	«Тим» – вольная вариация на тему «Симфонии для Виолетты». Причём совершенно без слов. Здесь только рисунок ведает о том, как мрак и обыденность скудной жизни Тимофея вдруг озаряется светлым лучом: случайной встречей с доброй и ласковой Варей…</p>\"','M819.jpg',2,70.0000,35.0000,'UAH',1.0000),(14517,'M829','Алиса в стране чудес','\"Alice in Wonderland.<br />Автор: Киношита Сакура<br />Производитель: Фабрика Комиксов<br />Источник: Alice in Wonderland<br />Жанр: Приключения, Сёдзё, Фэнтези<br />Год выпуска в России: 2013<br />Год выпуска оригинала: 2010<br />Количество страниц: 100<br />Вес: 450 гр.<br />																									<div itemprop=\"\"description\"\"><span>			    			    Твердый переплет; полноцветная печать; цветная суперобложка; увеличенный формат.Остроумная и обаятельная версия классического произведения Льюиса Кэрролла.						</span></div>\"','M829.jpg',1,219.0000,109.0000,'UAH',1.0000),(14518,'M828','Дневник демона. Том 3','\"Demon Diary. Vol. 3.<br />Автор: Ли Джи Хён и Ли Юнхи (Lee Chi Hyong; Lee Yun Hee)<br />Производитель: Фабрика Комиксов<br />Источник: Дневник демона<br />Жанр: Комедия, Фэнтези<br />Год выпуска в России: 2013<br />Год выпуска оригинала: 2003<br />Томов в серии: 7<br />Количество страниц: 176<br />Вес: 190 гр.<br />																									<div itemprop=\"\"description\"\"><span>			    			    			    			    Боги и демоны ведут бесконечную войну друг с другом, избрав для поля боя царство смертных. Как это часто бывает со всеми долгими войнами, никто из противников уже не помнит причины конфликта и бросается в бой, движимый лишь слепой яростью. Единственной надеждой гибнущего мира является пророчество, согласно которому в один из дней явится избранный и восстановит былое согласие между нынешними врагами. Избранником судьбы становится юный Рэнеф (Raenef) – но как он не похож на демона! Добрый, наивный и отзывчивый мальчик не обладает и сотой долей коварства и свирепости, присущих этому племени. Повелитель демонов поручает своему приспешнику по имени Темный (Eclipse) воспитать Рэнефа в соответствии со всеми требованиями демонического этикета. Мальчик и старик отправляются в путешествие, в ходе которого Рэнефу следует познать свою истинную природу. Вскоре к ним присоединяются рыцарь из мира людей и посланный богами священник. Четырем странникам предстоит пережить немало приключений и опасностей, повидать немало дивных мест и познакомиться с удивительными существами из разных миров. Чтобы полученные знания не пропали даром, Рэнеф заносит мельчайшие подробности своего путешествия в тетрадку, которую он для солидности озаглавил «Дневник демона».												</span></div>\"','M828.jpg',3,115.0000,57.0000,'UAH',1.0000),(14519,'M827','Дневник демона. Том 4','\"Demon Diary. Vol. 4.<br />Автор:  Ли Джи Хён и Ли Юнхи (Lee Chi Hyong; Lee Yun Hee)<br />Производитель: Фабрика Комиксов<br />Источник: Дневник демона<br />Жанр: Комедия, Фэнтези<br />Год выпуска в России: 2013<br />Год выпуска оригинала: 2003<br />Томов в серии: 7<br />Количество страниц: 176<br />Вес: 190 гр.<br />																									<div itemprop=\"\"description\"\"><span>			    			    Боги и демоны ведут бесконечную войну друг с другом, избрав для поля боя царство смертных. Как это часто бывает со всеми долгими войнами, никто из противников уже не помнит причины конфликта и бросается в бой, движимый лишь слепой яростью. Единственной надеждой гибнущего мира является пророчество, согласно которому в один из дней явится избранный и восстановит былое согласие между нынешними врагами. Избранником судьбы становится юный Рэнеф (Raenef) – но как он не похож на демона! Добрый, наивный и отзывчивый мальчик не обладает и сотой долей коварства и свирепости, присущих этому племени. Повелитель демонов поручает своему приспешнику по имени Темный (Eclipse) воспитать Рэнефа в соответствии со всеми требованиями демонического этикета. Мальчик и старик отправляются в путешествие, в ходе которого Рэнефу следует познать свою истинную природу. Вскоре к ним присоединяются рыцарь из мира людей и посланный богами священник. Четырем странникам предстоит пережить немало приключений и опасностей, повидать немало дивных мест и познакомиться с удивительными существами из разных миров. Чтобы полученные знания не пропали даром, Рэнеф заносит мельчайшие подробности своего путешествия в тетрадку, которую он для солидности озаглавил «Дневник демона».						</span></div>\"','M827.jpg',4,113.0000,56.0000,'UAH',1.0000),(14520,'M830','Кровь виновного пса. Том 4','\"Togainu no Chi. Vol. 4.<br />Автор: Nitro+CHiRAL, Chayamachi Suguro<br />Производитель: Фабрика Комиксов<br />Источник: Togainu no Chi<br />Жанр: Драма, Постапокалиптика, Сёнэн-Ай<br />Год выпуска в России: 2013<br />Год выпуска оригинала: 2006<br />Томов в серии: 10<br />Количество страниц: 192<br />Вес: 195 гр.<br />																									<div itemprop=\"\"description\"\"><span>			    Мягкий переплёт, 192 страницы, 4 цветные страницы, клапаны.			    			    Манга основана на известной компьютерной игре, выпущенной компанией Nitro+CHiRAL. Действие разворачивается в постапокалиптической Японии. Главный герой Акира приговорен к пожизненному заключению, которого он может избежать, если примет участие в жестокой игре “Игура”.									</span></div>\"','M830.jpg',2,117.0000,58.0000,'UAH',1.0000),(14521,'M831','Кровь виновного пса. Том 5','\"Togainu no Chi. Vol. 5.<br />Автор: Nitro+CHiRAL, Chayamachi Suguro<br />Производитель: Фабрика Комиксов<br />Источник: Togainu no Chi<br />Жанр: Драма, Постапокалиптика, Сёнэн-Ай<br />Год выпуска в России: 2013<br />Год выпуска оригинала: 2006<br />Томов в серии: 10<br />Количество страниц: 192<br />Вес: 195 гр.<br />																									<div itemprop=\"\"description\"\"><span>Мягкий переплёт, 192 страницы, 4 цветные страницы, клапаны.Манга основана на известной компьютерной игре, выпущенной компанией Nitro+CHiRAL. Действие разворачивается в постапокалиптической Японии. Главный герой Акира приговорен к пожизненному заключению, которого он может избежать, если примет участие в жестокой игре “Игура”.</span></div>\"','M831.jpg',2,117.0000,58.0000,'UAH',1.0000),(14522,'M826','Номер один. Том 3','\"The One. Vol. 3.<br/>Автор: Никки Ли<br/>Производитель: Фабрика Комиксов<br/>Источник: The One<br/>Жанр: Комедия, Сёдзё<br/>Год выпуска в России: 2013<br/>Год выпуска оригинала: 2006<br/>Количество страниц: 176<br/>Вес: 165 гр.<br/>																									<div itemprop=\'description\'><span>			    Шестнадцатилетняя Тэн Лили – дочь трагически погибшей тайваньской супермодели. Несмотря на все уговоры работающей в модельном бизнесе тети, юная девушка не собирается идти по маминым стопам. Но однажды в журнале “GQ” Лили случайно видит поразившее ее фото Ангуса Лэнсона – самого известного в мире из мужчин-моделей. Это круто меняет ее планы и мечты. Теперь она хочет лишь одного: попасть в мир высокой моды, чтобы стать ближе к своему кумиру, у которого, кстати, имеется таинственный брат-близнец.			</span></div>\"','M826.jpg',2,96.0000,47.0000,'UAH',1.0000),(14523,'M825','Оверман Король Гэйнер','\"Overman King Gainer<br />Автор: Томино Ёсиюки и Накамура Ёсихиро<br />Производитель: Фабрика Комиксов<br />Источник: Overman King Gainer<br />Жанр: Фэнтези<br />Год выпуска в России: 2013<br />Год выпуска оригинала: 2002<br />Количество страниц: 184<br />Вес: 195 гр.<br />																									<div itemprop=\"\"description\"\"><span>В отдаленном будущем из-за великого катаклизма люди вынуждены жить в городах-куполах, ожидая, что в один прекрасный день планета вновь станет пригодной для жизни. В Ургуске – одном из таких городов в Сибири, живет Гэйнер Санга, признанный чемпион в виртуальных боях на гигантских роботах оверманах. Однажды юноша оказывается втянут в конфликт между подпольной организацией “Исход” и крупной корпорацией “Сибирские железные дороги”, контролирующей весь Ургуск. Гэйнеру приходится взять на себя управление самого настоящего овермана, уже не в игре, а в реальности. Теперь перед ним стоит нелегкий выбор: забыть все и вернуться к своей прежней жизни или же присоединиться к “Исходу”, из-за которого погибли его родители.</span></div>\"','M825.jpg',1,110.0000,54.0000,'UAH',1.0000),(14524,'M821','Он, она и их обстоятельства. Том 4','\"Автор: Масами Цуда<br/>Производитель: Фабрика Комиксов<br/>Источник: Kare Kano<br/>Жанр: Комедия, Повседневность, Романтика, Школа<br/>Год выпуска в России: 2013<br/>Год выпуска оригинала: 1995<br/>Томов в серии: 21<br/>Количество страниц: 192<br/>Вес: 200 гр.<br/>																									<div itemprop=\'description\'><span>			    			    			    Арима и Юкино начали встречаться. Они ходят в кино, пьют чай вместе с друзьями и всё у них хорошо… кроме оценок. Казалось бы, кому какое дело? Но если ты учишься лучше всех, школьные учителя пристально следят за твоими успехами. И если любовь мешает учебе — они обязательно вмешаются, чтобы объяснить тебе, чем надо заниматься на самом деле.									</span></div>\"','M821.jpg',0,100.0000,50.0000,'UAH',1.0000),(14525,'M820','Опережая поцелуй. Том 1','\"Faster than a kiss. Vol. 1.<br/>Производитель: Фабрика Комиксов<br/>Жанр: Романтика, Сёдзё<br/>Год выпуска в России: 2013<br/>Год выпуска оригинала: 2007<br/>Томов в серии: 7<br/>Количество страниц: 192<br/>Вес: 200 гр.<br/>																									<div itemprop=\'description\'><span>Фумино Кадзи, школьницу с маленьким братиком, на улице находит её классный руководитель Кадзума Одзиро и предлагает пойти жить к нему домой. Девушка заявляет, что раз уж ему её так жалко,то пусть берёт её замуж. Так, слово за слово, эти двое действительно женятся! Сначала Фумино решает использовать сэнсэя только для того, чтобы содержать брата, но благодаря любви Кадзумы, тоже начинает испытывать к нему определённые чувства…			    			</span></div>\"','M820.jpg',0,105.0000,52.0000,'UAH',1.0000),(14526,'M824','Откровение Мнемы','\"Автор:  Алина Мадьярова<br />Производитель: Фабрика Комиксов<br />Жанр: Драма, Постапокалиптика<br />Год выпуска в России: 2013<br />Год выпуска оригинала: 2013<br />Количество страниц: 192<br />Вес: 200 гр.<br />																									<div itemprop=\"\"description\"\"><span>Минуло 26 лет, как применение биологического оружия «Уртика» привело человечество на грань вымирания. Юный Кири, отступник из расы искусственно созданных сверхлюдей, пытается помочь выжившим в борьбе против неуязвимых чудовищ Доро. Тем временем загадочная девушка Рира, зная о мутантах больше, чем кто бы то ни было, усматривает корень всех бед несчастного мира в совершенно ином. Чтобы раз и навсегда покончить с нависшей угрозой, она решается на крайние меры… Тайна событий давно минувших лет, повлекших за собой всеобщую гибель, становится ближе к разгадке.</span></div>\"','M824.jpg',1,109.0000,54.0000,'UAH',1.0000),(14527,'M832','Староста-горничная. Том 2','\"Kaichou wa maid-sama. Vol. 2.<br />Автор: Фудзивара Хиро<br />Производитель: Росмэн-Пресс<br />Источник: Kaichou wa Maid-sama!<br />Жанр: Комедия, Романтика<br />Год выпуска в России: 2013<br />Год выпуска оригинала: 2006<br />Томов в серии: 15+<br />Количество страниц: 192<br />Вес: 190 гр.<br />																									<div itemprop=\"\"description\"\"><span>			    			    Школа Сэйка когда-то была школой исключительно для мальчиков. Недавно её сделали совместной школой, однако мальчики по-прежнему составляют там большинство. Мисаки Аюдзава (обычно именуемая просто «Миса») — одна из учениц этой школы. Она добилась того, чтобы стать председателем школьного совета, и теперь прилагает все усилия, защищая немногочисленных девочек от парней-хулиганов, и стараясь улучшить образ школы, чтобы сделать её более привлекательной для поступающих.Среди прочих мальчиков в школе учится Усуи Такуми. Он очень популярен среди девушек, и они регулярно признаются ему в любви. Но он остаётся холоден к этим признаниям, что также раздражает Мису, так как она считает, что этим он их ранит.Но у Мисы есть одна тайна. Из тех же финансовых соображений ей приходится работать официанткой в кафе, где работницы одеты в служанок. Естественно, она не хочет, чтобы в школе об этом узнали. Но однажды в это кафе зашёл Усуи. Он не стал никому рассказывать о том, что увидел, но после этого стал регулярно наведываться в это кафе.						</span></div>\"','M832.jpg',2,120.0000,59.0000,'UAH',1.0000),(14528,'M823','Уравнение любви. Том 1','\"Ren-ai Houteishiki. Vol.1.<br/>Автор: Кодака Кадзума (Kodaka Kazuma)<br/>Производитель: Фабрика Комиксов<br/>Жанр: Романтика, Сёнэн-Ай, Школа<br/>Год выпуска в России: 2013<br/>Год выпуска оригинала: 2005<br/>Томов в серии: 2<br/>Количество страниц: 224<br/>Вес: 200 гр.<br/>																									<div itemprop=\'description\'><span>			    Юный Мэгуру пытается разобраться в отношениях с Канадэ, своим другом со времен ясельного детства.			</span></div>\"','M823.jpg',0,105.0000,52.0000,'UAH',1.0000),(14529,'M822','Хеталия и страны Оси. Том 5','\"Hetalia Axis Powers. Vol 5.<br />Автор: Химаруи Хидэкадзу (Himaruya Hidekazu)<br />Производитель: Фабрика Комиксов<br />Источник: Hetalia: Axis Powers<br />Жанр: История, Комедия, Сатира<br />Год выпуска в России: 2013<br />Год выпуска оригинала: 2008<br />Томов в серии: 6+<br />Количество страниц: 136<br />Вес: 190 гр.<br />																									<div itemprop=\"\"description\"\"><span>			    Мягкий переплёт, суперобложка, 136 страниц, 8 цветных иллюстраций, увеличенный формат 160х235 мм.События Первой мировой войны, Второй мировой войны, предвоенного, межвоенного и послевоенного периодов показаны как взаимоотношения между героями манги. В сюжете фигурируют 40 стран и, соответственно, 40 персонажей.			</span></div>\"','M822.jpg',2,143.0000,71.0000,'UAH',1.0000),(14551,'M833','SPN Fancomic Book','\"Автор: Crylin и YulBars<br />Производитель: Фабрика Комиксов<br />Источник: Supernatural<br />Жанр: Мистика, Приключения, Яой<br />Год выпуска в России: 2014<br />Год выпуска оригинала: 2013<br />Количество страниц: 176<br />Вес: 190 гр.<br />																									<div itemprop=\"\"description\"\"><span>			    			    Осторожно: это яойный додзинси для взрослых!176 стр. ч-б + 8 стр. цв. на мелованной бумаге; суперобложка						</span></div>\"','M833.jpg',1,139.0000,69.0000,'UAH',1.0000),(14552,'M834','Любовь онлайн. Том 8','\"Net love. Vol. 8.<br />Автор: Чжан Боци (Pochi Chang)<br />Производитель: Фабрика Комиксов<br />Жанр: Комедия, Сёнэн<br />Год выпуска в России: 2013<br />Год выпуска оригинала: 2004<br />Томов в серии: 10<br />Количество страниц: 176<br />Вес: 200 гр.<br />																									<div itemprop=\"\"description\"\"><span>У Ван Ипина по прозвищу Эрик нет подружки, хотя он и мечтает о романтических отношениях. Встретить подходящую девушку сложно, особенно если ты не очень ловок в общении с противоположным полом и совершенно не представляешь себе, как можно хотя бы познакомиться. Все меняется в тот день, когда друг советует Эрику попытать счастья в интернете.</span></div>\"','M834.jpg',3,105.0000,52.0000,'UAH',1.0000),(14553,'M835','Уравнение любви. Том 2','\"Ren-ai Houteishiki. Vol.2.<br />Автор: Кодака Кадзума (Kodaka Kazuma)<br />Производитель: Фабрика Комиксов<br />Жанр: Повседневность, Романтика, Сёнэн-Ай, Школа<br />Год выпуска в России: 2013<br />Год выпуска оригинала: 2005<br />Томов в серии: 2<br />Количество страниц: 188<br />Вес: 200 гр.<br />																									<div itemprop=\"\"description\"\"><span>Юный Мэгуру пытается разобраться в отношениях с Канадэ, своим другом со времен ясельного детства.			</span></div>\"','M835.jpg',3,105.0000,52.0000,'UAH',1.0000),(14554,'M836','Крушитель. Том 4','\"The Breaker. Vol. 4.<br />Автор: Чон Гыкчин, Пак Чинхван<br />Производитель: Alt Graph<br />Жанр: Боевые искусства, Сёнэн, Школа<br />Год выпуска в России: 2013<br />Год выпуска оригинала: 2007<br />Томов в серии: 10<br />Количество страниц: 184<br />Вес: 200 гр.<br />																									<div itemprop=\"\"description\"\"><span>			    			    			    Банда Кённю нагоняет Алекса и Сиуна. Бравый гонщик Алекс выпадает с поля боя вместе с останками старого Пони Хёндай. Ли Сихо недоумевает: клан Кённю оказался не так-то прост или Алекс не так-то крут? Её хитрый план под угрозой срыва!Перед лицом неминуемой гибели Сиуну предстоит сделать выбор: встать на защиту малышки Сосоль или позорно бежать. Сможет ли высвободить скрытые силы юный ученик Кумуллёна, чтобы принять неравный бой в отчаянной попытке спастись самому, а заодно укрыть принцессу Сосоль от лап жуткого Мамунги, знаменитого мечника из клана Кённю?Пока Сиун борется с собой, беспокойство Хан Чхону превращает учителя в кровожадного Куммулёна, но как такое возможно? Может, загадочный Мурим — это ключ к ответу на этот вопрос?									</span></div>\"','M836.jpg',5,126.0000,62.0000,'UAH',1.0000),(14849,'M837','Нахальный принц и кошка-несмеяна. Том 2','\"Hentai Ouji to Warawanai Neko. Vol. 2.<br />Автор: Окомэкэн, Сагара Со, Кантоку<br />Производитель: XL Media<br />Источник: Hentai Ouji to Warawanai Neko.<br />Жанр: Комедия, Романтика, Школа, этти<br />Год выпуска в России: 2013<br />Год выпуска оригинала: 2012<br />Томов в серии: 4+<br />Количество страниц: 182<br />Вес: 195 гр.<br />																									<div itemprop=\"\"description\"\"><span>			    			    Издание содержит суперобложку и 4-ре цветные странички. 			    Знакомьтесь, Ёкодэра Ёто, утративший своё лицемерие, и Цукико Цуцукакуси, потерявшая эмоции! Чтобы вернуть утраченные черты характера, они решают действовать сообща. Познакомившись с Адзукой Адзусой – отличницей и красавицей, сыплющей лицемерием направо и налево, Ёто приглашает её на свидание!.. Второй том романтической комедии о превратностях молодости!									</span></div>\"','M837.jpg',7,110.0000,54.0000,'UAH',1.0000),(14850,'M838','Нахальный принц и кошка-несмеяна. Том 3','\"85Hentai Ouji to Warawanai Neko. Vol. 3.<br />Автор: Окомэкэн, Сагара Со, Кантоку<br />Производитель: XL Media<br />Источник: Hentai Ouji to Warawanai Neko.<br />Жанр: Комедия, Романтика, Школа, этти<br />Год выпуска в России: 2014<br />Год выпуска оригинала: 2012<br />Томов в серии: 4+<br />Количество страниц: 182<br />Вес: 195 гр.<br />																									<div itemprop=\"\"description\"\"><span>			    			    			    			Издание содержит суперобложку и 4-ре цветные странички. Знакомьтесь, Ёкодэра Ёто, утративший своё лицемерие, и Цукико Цуцукакуси, потерявшая эмоции! Чтобы вернуть утраченные черты характера, они решают действовать сообща! Ёто вступает в схватку со старшей сестрой Цукико (также известной, как «Стальной Король»), которая в последнее время стала относиться к своей сестре холодно и отстранённо. Он хочет помирить их, во что бы то ни стало! Третий том романтической комедии о превратностях молодости!															</span></div>\"','M838.jpg',5,112.0000,55.0000,'UAH',1.0000),(14901,'M839','Гостевой клуб лицея Оран. Том 3','\"Ouran High School Host Club . Vol. 3.<br />Автор: Хатори Биско<br />Производитель: Росмэн-Пресс<br />Источник: Ouran High School Host Club<br />Жанр: Драма, Комедия, Сёдзё, Школа<br />Год выпуска в России: 2014<br />Год выпуска оригинала: 2002<br />Томов в серии: 18<br />Количество страниц: 192<br />Вес: 195 гр.<br />																									<div itemprop=\"\"description\"\"><span>			    Близится день медосмотра, и над Харухи нависла угроза разоблачения! Удастся ли гостевому клубу провести операцию «Хару-тян — парень хоть куда»?			</span></div>\"','M839.jpg',4,129.0000,64.0000,'UAH',1.0000),(14902,'M840','MNG. Альманах русской манги. Выпуск 8','\"Автор: Разные авторы<br />Производитель: Фабрика Комиксов<br />Жанр: Разные жанры<br />Год выпуска в России: 2014<br />Год выпуска оригинала: 2014<br />Количество страниц: 352<br />Вес: 280 гр.<br />																									<div itemprop=\"\"description\"\"><span>&nbsp;</span></div>\"','M840.jpg',0,138.0000,69.0000,'UAH',1.0000),(14903,'M841','Куклы. Том 4','\"Dolls. Vol. 4.<br />Автор: Naked Ape (Саки Отоо, Накамура Томоми)<br />Производитель: Фабрика Комиксов<br />Источник: Dolls<br />Жанр: Детектив, Мистика, Триллер<br />Год выпуска в России: 2014<br />Год выпуска оригинала: 2005<br />Томов в серии: 12<br />Количество страниц: 192<br />Вес: 200 гр.<br />																									<div itemprop=\"\"description\"\"><span>			    Столицу Третьей империи Тоуто захлестнула волна преступности. Желая ускорить процесс исполнения приговоров, правительство приняло «Закон об эффективности судебной системы», согласно которому суды получили право выносить смертные приговоры в отсутствии обвиняемых. Сотрудники Особого отдела по исполнению высшей меры наказания должны были самостоятельно разыскивать преступников и немедленно приводить приговор в исполнение. За беспрекословное подчинение букве закона и неслыханную жестокость их прозвали «куклами». (Комментарий авторов: Здравствуйте! Добро пожаловать в мир нашей фантазии! В этой манге много пистолетов, военной формы, заброшенных зданий и всего того, что считается традиционным в подобных сюжетах.)			</span></div>\"','M841.jpg',2,103.0000,51.0000,'UAH',1.0000),(14904,'M842','Путешествие','\"Travel.<br />Автор: Yokoyama Yuuichi<br />Производитель: Фабрика Комиксов<br />Жанр: Психология, Философия<br />Год выпуска в России: 2014<br />Год выпуска оригинала: 2007<br />Томов в серии: 1<br />Количество страниц: 200<br />Вес: 250 гр.<br />																									<div itemprop=\"\"description\"\"><span>			    мягкий переплёт, суперобложка, 200 страницЭкспериментальная манга, посвященная дзенскому искусству путешествия на скоростном поезде.			</span></div>\"','M842.jpg',3,223.0000,111.0000,'UAH',1.0000),(14905,'M843','Сад','\"Garden.<br />Автор: Yokoyama Yuuichi<br />Производитель: Фабрика Комиксов<br />Жанр: Психология<br />Год выпуска в России: 2014<br />Год выпуска оригинала: 2007<br />Томов в серии: 1<br />Количество страниц: 320<br />Вес: 350 гр.<br />																									<div itemprop=\"\"description\"\"><span>			    			    			    			    Книга в твердом переплете + в суперобложкеДополнительная печать серебряной краскойФорзацы в 2 цветаПлотность бумаги 100 гр. (вместо обычных 80 гр.)Группа друзей проникает через пролом в стене в странный, парадоксальный сад, наполненный геометрическими формами и неорганическими объектами всевозможных видов. Герои блуждают по запутанным дорогам в фантастическом зазеркалье из причудливых строений, загадочной фотоаппаратуры, ошеломляющих механизмов и огромных библиотек.												</span></div>\"','M843.jpg',4,253.0000,126.0000,'UAH',1.0000),(14906,'M844','Человек-череп. Том 1','&nbsp;','M844.jpg',1,129.0000,64.0000,'UAH',1.0000),(14907,'M845','Человек-череп. Том 2','&nbsp;','M845.jpg',2,129.0000,64.0000,'UAH',1.0000),(14908,'M846','Кантарелла. Том 6','\"Cantarella. Vol. 6.<br />Автор: Ю Хигури<br />Производитель: Палма Пресс<br />Жанр: Романтика, Сёдзё, Сёнэн-Ай, Фэнтези<br />Год выпуска в России: 2014<br />Год выпуска оригинала: 2002<br />Томов в серии: 10<br />Количество страниц: 184<br />Вес: 200 гр.<br />																									<div itemprop=\"\"description\"\"><span>			    Предсказание Чезаре о бедах и несчастьях на земле Италии начинает сбываться: французский король идет войной на Неаполь, захватывая по дороге власть в крупных городах и угрожая Папе римскому свержением с престола. Александр VI в панике. В этой непростой ситуации только Чезаре может помочь ему сохранить могущество. Юноша с трудом удерживает в душе равновесие света и тьмы. В момент, когда он теряет единственного любимого человека, силам зла почти удается взять над ним верх.			</span></div>\"','M846.jpg',2,117.0000,58.0000,'UAH',1.0000),(14909,'M847','Созвездие воображаемых зверей. Том 6','&nbsp;','M847.jpg',0,120.0000,60.0000,'UAH',1.0000),(14910,'M848','Созвездие воображаемых зверей. Том 7','&nbsp;','M848.jpg',1,120.0000,60.0000,'UAH',1.0000),(15296,'M849','Ты Алиса? Том 1','\"Автор: Ниномия Ай, Катагири Икуми<br />Производитель: Персона Пресс<br />Жанр: Мистика, Приключения, Сёдзё, Фэнтези<br />Год выпуска в России: 2014<br />Год выпуска оригинала: 2009<br />Томов в серии: 8+<br />Количество страниц: 194<br />Вес: 200 гр.<br /><div><span>			    			    128182 мм, глянцевая суперобложка, 194 страницы, цветная вставка, печать офсетнаяВ Стране чудес мальчишка без мечты и цели получил имя Алиса, теперь он главный участник игры, цель которой убить Белого Кролика. В этой безумной стране, где не осталось ни толики здравого смысла, где всё подчиняется правилам игры и приказам Королевы Червей, Алисе остаётся полагаться лишь на оружие, что холодно блестит у него в руке.						</span></div>\"','M849.jpg',1,193.0000,96.0000,'UAH',1.0000),(15496,'M850','Оверман Король Гэйнер. Том 2','\"Overman King Gainer. Vol 2.<br />Автор: Томино Ёсиюки и Накамура Ёсихиро<br />Производитель: Фабрика Комиксов<br />Источник: Overman King Gainer<br />Жанр: Фэнтези<br />Год выпуска в России: 2014<br />Год выпуска оригинала: 2002<br />Томов в серии: 7<br />Количество страниц: 192<br />Вес: 200 гр.<br /><div><span>			    			    			    			    В отдаленном будущем из-за великого катаклизма люди вынуждены жить в городах-куполах, ожидая, что в один прекрасный день планета вновь станет пригодной для жизни. В Ургуске – одном из таких городов в Сибири, живет Гэйнер Санга, признанный чемпион в виртуальных боях на гигантских роботах оверманах. Однажды юноша оказывается втянут в конфликт между подпольной организацией “Исход” и крупной корпорацией “Сибирские железные дороги”, контролирующей весь Ургуск. Гэйнеру приходится взять на себя управление самого настоящего овермана, уже не в игре, а в реальности. Теперь перед ним стоит нелегкий выбор: забыть все и вернуться к своей прежней жизни или же присоединиться к “Исходу”, из-за которого погибли его родители.												</span></div>\"','M850.jpg',1,110.0000,54.0000,'UAH',1.0000),(15497,'M851','Человек-череп. Том 3','Skullman. Vol. 3.<br />Автор: Kazuhiko Shimamoto, Shotaro Ishinomori<br />Производитель: Фабрика Комиксов<br />Источник: Skullman<br />Жанр: Сёнэн, Ужасы<br />Год выпуска в России: 2014<br />Год выпуска оригинала: 1998<br />Томов в серии: 7<br />Количество страниц: 192<br />Вес: 200 гр.<br /><div><span>Летающий человек-череп борется с породившей его компанией, которая занимается производством генетического оружия.</span></div>','M851.jpg',3,104.0000,52.0000,'UAH',1.0000),(15776,'M852','Ёцуба! Том 6','Yotsubato! Vol 6.<br />Автор: Адзума Киёхико<br />Производитель: Палма Пресс<br />Источник: Yotsubato!<br />Жанр: Комедия, Повседневность<br />Год выпуска в России: 2014<br />Год выпуска оригинала: 2003<br />Томов в серии: 11<br />Количество страниц: 200&lt;','M852.jpg',1,124.0000,61.0000,'UAH',1.0000),(15777,'M853','Невеста речного бога. Том 8','Bride of the Water God. Vol. 8.<br />Автор: Мигён Юн<br />Производитель: Истари Комикс<br />Жанр: Романтика, Фэнтези<br />Год выпуска в России: 2014<br />Год выпуска оригинала: 2006<br />Томов в серии: 22+<br />Количество страниц: 178<br />Вес: 200 гр.<br<>&nbsp;</br<>','M853.jpg',8,101.0000,50.0000,'UAH',1.0000),(15778,'M854','Песня куклы. Том 3','Doll song. Vol. 3.<br />Автор: Ли Сонён<br />Производитель: Истари Комикс<br />Жанр: Приключения, Романтика, Фэнтези<br />Год выпуска в России: 2013<br />Год выпуска оригинала: 2010<br />Томов в серии: 5<br />Количество страниц: 206<br />Вес: 200 гр.<br />','M854.jpg',0,94.0000,46.0000,'UAH',1.0000),(15779,'M855','Песня куклы. Том 4','Doll song. Vol. 4.<br />Автор: Ли Сонён<br />Производитель: Истари Комикс<br />Жанр: Приключения, Романтика, Фэнтези<br />Год выпуска в России: 2013<br />Год выпуска оригинала: 2010<br />Томов в серии: 5<br />Количество страниц: 184<br />Вес: 200 гр.<br />','M855.jpg',2,94.0000,46.0000,'UAH',1.0000),(15780,'M856','Песня куклы. Том 5','Doll song. Vol. 5.<br />Автор: Ли Сонён<br />Производитель: Истари Комикс<br />Жанр: Приключения, Романтика, Фэнтези<br />Год выпуска в России: 2013<br />Год выпуска оригинала: 2010<br />Томов в серии: 5<br />Количество страниц: 244<br />Вес: 260 гр.<br />','M856.jpg',1,119.0000,59.0000,'UAH',1.0000),(15781,'M857','Chibisan Date. Моменты жизни. Том 3','Chibisan Date. Vol. 3.<br />Автор: Химаруя Хидэкадзу<br />Производитель: XL Media<br />Источник: Chibisan Date<br />Жанр: Повседневность, Романтика<br />Год выпуска в России: 2014<br />Год выпуска оригинала: 2013<br />Томов в серии: 4<br />Количество стра','M857.jpg',8,108.0000,53.0000,'UAH',1.0000),(15782,'M858','Город кислоты. Том 4','Acid Town. Vol 4.<br />Автор: Кюго (Kyuugo)<br />Производитель: XL Media<br />Серия: I Love Yaoi<br />Источник: Acid Town<br />Жанр: Боевик, Драма, Сёнэн-Ай<br />Год выпуска в России: 2014<br />Год выпуска оригинала: 2014<br />Томов в серии: 4+<br />Колич','M858.jpg',5,103.0000,51.0000,'UAH',1.0000),(15783,'M859','Подарочный бокс Кюго: \'Город Кислоты\'','Автор: Кюго (Kyuugo)<br />Производитель: XL Media<br />Серия: I Love Yaoi<br />Источник: Acid Town<br />Жанр: Боевик, Драма, Сёнэн-Ай<br />Год выпуска в России: 2014<br />Год выпуска оригинала: 2010<br />Томов в серии: 4+<br />Количество страниц: 588<br />','M859.jpg',3,372.0000,186.0000,'UAH',1.0000),(15784,'M860','Излом. Том 2','Dangu. Vol. 2.<br />Автор: Пак Чунги<br />Производитель: Истари Комикс<br />Жанр: Боевик, Фэнтези<br />Год выпуска в России: 2014<br />Год выпуска оригинала: 2010<br />Томов в серии: 9<br />Количество страниц: 204<br />Вес: 200 гр.<br /><div><span>&nbsp;</span></div>','M860.jpg',0,111.0000,55.0000,'UAH',1.0000),(15785,'M861','Нахальный принц и кошка-несмеяна. Том 4','\"Hentai Ouji to Warawanai Neko. Vol. 4.<br />Автор: Окомэкэн, Сагара Со, Кантоку<br />Производитель: XL Media<br />Источник: Hentai Ouji to Warawanai Neko.<br />Жанр: Комедия, Романтика, Школа, этти<br />Год выпуска в России: 2014<br />Год выпуска оригинала: 2012<br />Томов в серии: 5+<br />Количество страниц: 182<br />Вес: 195 гр.<br /><div><span>			    			    			    			    			    			Издание содержит суперобложку и 4-ре цветные странички. Знакомьтесь, Ёкодэра Ёто, утративший своё лицемерие, и Цукико Цуцукакуси, потерявшая эмоции! Чтобы вернуть утраченные черты характера, они решают действовать сообща!Наступили летние каникулы. Ёто помирился с Цукико. Или, по крайней мере, так ему кажется. В один прекрасный день он обнаруживает, что его дом — пропал?! Четвёртый том романтической комедии о превратностях молодости!																		</span></div>\"','M861.jpg',6,107.0000,53.0000,'UAH',1.0000),(15786,'M862','У меня мало друзей. Том 8','\"Boku wa Tomodachi ga Sukunai. Vol. 8.<br />Автор:  Итати, Хирасака Ёми<br />Производитель: XL Media<br />Источник: Boku wa Tomodachi ga Sukunai<br />Жанр: Комедия, Школа, этти<br />Год выпуска в России: 2014<br />Год выпуска оригинала: 2013<br />Томов в серии: 11+<br />Количество страниц: 182<br />Вес: 210 гр.<br /><div><span>			    			    Издание содержит цветные странички и супер обложку. Одна из цветных страничек раскладывается в плакат.У Хасэгавы Кодаки по-прежнему нет друзей. А Клуб соседей по-прежнему проводит время довольно своеобразно. А тут ещё появляется странная рыгающая монашка, отец Сэны Касивадзаки Тэмма (Пегас) укрепляет отношения с Кодакой ,Мария приходит ночевать к Хасэгавам, в общем, жизнь кипит. Встречайте восьмой том популярной романтической комедии!									</span></div>\"','M862.jpg',10,103.0000,51.0000,'UAH',1.0000),(15787,'M863','В лес, где мерцают светлячки','Hotarubi no Mori e<br />Автор: Юки Мидорикава<br />Производитель: Истари Комикс<br />Источник: Hotarubi no Mori e<br />Жанр: Драма, Мистика, Романтика<br />Год выпуска в России: 2014<br />Год выпуска оригинала: 2003<br />Томов в серии: 1<br />Количество с','0903a096058846d4cee1eca1467d1fff.jpg',0,127.0000,63.0000,'UAH',1.0000),(16092,'M869','Ненавижу тебя!','\"I hate you! <br />Автор: Минасэ Масара<br />Производитель: Персона Пресс<br />Жанр: Романтика, Сёнэн-Ай, Яой<br />Год выпуска в России: 2014<br />Год выпуска оригинала: 2009<br />Томов в серии: 1<br />Количество страниц: 172<br />Вес: 180 гр.<br /><div><span>			    			    			    			    			    Мягкий переплёт, глянцевая суперобложка, 128х182 мм, цветные иллюстрации, звуки перерисованы.Тихиро Коодзуки не самый удачливый человек. Работа актёра не приносит много денег, и ему приходится всё свободное время тратить на подработки.Но однажды дядя предлагает ему вести хозяйство у обеспеченного бизнесмена Аоки, живущего в богатом районе. Тихиро вынужден согласиться, не догадываясь, что к вопросу чистоты Аоки подходит куда более требовательно, чем все, кого он знал до этого. Настолько требовательно, что Тихиро начинает терять терпение...															</span></div>\"','f1c002e606e5651c1f792ceb17d7d831.jpg',3,204.0000,101.0000,'UAH',1.0000),(16093,'M867','У меня мало друзей. Том 9','\"Boku wa Tomodachi ga Sukunai. Vol. 9.<br />Автор: Итати, Хирасака Ёми<br />Производитель: XL Media<br />Источник: Boku wa Tomodachi ga Sukunai<br />Жанр: Комедия, Школа, этти<br />Год выпуска в России: 2014<br />Год выпуска оригинала: 2014<br />Томов в серии: 11+<br />Количество страниц: 182<br />Вес: 200 гр.<br /><div><span>			    Издание содержит цветные странички и супер обложку.Кодака и другие члены Клуба Соседей по-прежнему заняты поиском друзей, но их усилия пока не увенчались успехом. В этот раз наша шумная компания отправится в парк развлечений, где все они будут отдыхать и кататься на аттракционах. И под конец дня они сделают для себя одно невероятное открытие. Встречайте девятый том популярной романтической комедии! 			</span></div>\"','M867.jpg',28,107.0000,53.0000,'UAH',1.0000),(16094,'M865','Оверман Король Гэйнер. Том 3','Overman King Gainer. Vol 3.<br />Производитель: Фабрика Комиксов<br />Источник: Overman King Gainer<br />Жанр: Фэнтези<br />Год выпуска в России: 2014<br />Год выпуска оригинала: 2002<br />Томов в серии: 7<br />Количество страниц: 192<br />Вес: 200 гр.<br /><div><span>В отдаленном будущем из-за великого катаклизма люди вынуждены жить в городах-куполах, ожидая, что в один прекрасный день планета вновь станет пригодной для жизни. В Ургуске – одном из таких городов в Сибири, живет Гэйнер Санга, признанный чемпион в виртуальных боях на гигантских роботах оверманах. Однажды юноша оказывается втянут в конфликт между подпольной организацией “Исход” и крупной корпорацией “Сибирские железные дороги”, контролирующей весь Ургуск. Гэйнеру приходится взять на себя управление самого настоящего овермана, уже не в игре, а в реальности. Теперь перед ним стоит нелегкий выбор: забыть все и вернуться к своей прежней жизни или же присоединиться к “Исходу”, из-за которого погибли его родители.</span></div>','M865.jpg',2,110.0000,54.0000,'UAH',1.0000),(16095,'M868','Цветы зла. Том 6','\"Evil Flowers. Vol. 6.<br />Автор: Ли Хён Сук (Hyeon Sook Lee)<br />Производитель: Фабрика Комиксов<br />Источник: Цветы зла<br />Жанр: Драма, Романтика, Сёдзё<br />Год выпуска в России: 2014<br />Год выпуска оригинала: 2007<br />Томов в серии: 7<br />Количество страниц: 176<br />Вес: 200 гр.<br /><div><span>			    Любовь способна подарить великое счастье, но может и до основания разрушить твою жизнь. А если любимый — твой близнец, твое идеальное повторение, — тогда любовь становится жестокой пыткой. Как можно освободиться от этой гнетущей привязанности? Чем нужно пожертвовать? И можно ли будет после этого продолжать жить?			</span></div>\"','7952084a70475495a81585dafa3c3bde.jpg',0,120.0000,59.0000,'UAH',1.0000),(16096,'M866','Человек-череп. Том 4','\"Skullman. Vol. 4.<br />Автор: Kazuhiko Shimamoto, Shotaro Ishinomori<br />Производитель: Фабрика Комиксов<br />Источник: Skullman<br />Жанр: Сёнэн, Ужасы<br />Год выпуска в России: 2014<br />Год выпуска оригинала: 1998<br />Томов в серии: 7<br />Количество страниц: 192<br />Вес: 200 гр.<br /><div><span>			    			    Летающий человек-череп борется с породившей его компанией, которая занимается производством генетического оружия.						</span></div>\"','M866.jpg',2,120.0000,59.0000,'UAH',1.0000),(16097,'M864','Сильнейший в истории ученик Кэнити. Том 4','Stongest Disciple Kenichi. Vol. 4.<br />Автор: Мацуэна Сюн<br />Производитель: Росмэн-Пресс<br />Источник: Kenichi: The Mightiest Disciple<br />Жанр: Боевые искусства, Комедия, Сёнэн, этти<br />Год выпуска в России: 2014<br />Год выпуска оригинала: 2002<b','M864.jpg',0,120.0000,59.0000,'UAH',1.0000),(16598,'FB525','My Neighbor Totoro фигурка','в ассортименте<br/>цена за комплект','TOMP43710.jpg',1,132.0000,65.0000,'UAH',1.0000),(16620,'M872','Музыка Марии. Том 2','The Music Melody by Marie. Vol. 2.<br />Автор: Фуруя Усамару<br />Производитель: Фабрика Комиксов<br />Жанр: Драма, Фэнтези<br />Год выпуска в России: 2014<br />Год выпуска оригинала: 2001<br />Томов в серии: 2<br />Количество страниц: 248<br />Вес: 220 г','M872.jpg',2,160.0000,79.0000,'UAH',1.0000),(16621,'M873','Лунный мальчик. Том 1','Moon Boy. Vol. 1.<br />Автор: Ён Ю Ли (LEE Young-You)<br />Производитель: Фабрика Комиксов<br />Жанр: Фантастика, Школа<br />Год выпуска в России: 2014<br />Год выпуска оригинала: 2005<br />Томов в серии: 9<br />Количество страниц: 192<br />Вес: 220 гр.<b','M873.jpg',1,140.0000,69.0000,'UAH',1.0000),(16622,'M874','Дисбаланс. Том 9','Unbalance x Unbalance. Vol. 9.<br />Автор:  Дал Ён Лим и Су Хён Ли (Лим Даллён и Ли Сухён; Dal Young Im &amp; Soo Hyun Lee)<br />Производитель: Фабрика Комиксов<br />Год выпуска в России: 2014<br />Год выпуска оригинала: 2005<br />Томов в серии: 10<br />К','M874.jpg',3,111.0000,55.0000,'UAH',1.0000),(16792,'M875','Chibisan Date. Моменты жизни. Том 4','Chibisan Date. Vol. 4.<br />Автор: Химаруя Хидэкадзу<br />Производитель: XL Media<br />Источник: Chibisan Date<br />Жанр: Повседневность, Романтика<br />Год выпуска в России: 2014<br />Год выпуска оригинала: 2014<br />Томов в серии: 4<br />Количество стра','M875.jpg',8,107.0000,53.0000,'UAH',1.0000),(16793,'M876','Нахальный принц и кошка-несмеяна. Том 5','Hentai Ouji to Warawanai Neko. Vol. 5.<br />Автор: Окомэкэн, Сагара Со, Кантоку<br />Производитель: XL Media<br />Источник: Hentai Ouji to Warawanai Neko.<br />Жанр: Комедия, Романтика, Школа, этти<br />Год выпуска в России: 2014<br />Год выпуска оригинал','M876.jpg',18,115.0000,57.0000,'UAH',1.0000),(16794,'M877','У меня мало друзей. Том 10','Boku wa Tomodachi ga Sukunai. Vol. 10.<br />Автор: Итати, Хирасака Ёми<br />Производитель: XL Media<br />Источник: Boku wa Tomodachi ga Sukunai<br />Жанр: Комедия, Школа, этти<br />Год выпуска в России: 2014<br />Год выпуска оригинала: 2014<br />Томов в с','M877.jpg',21,115.0000,57.0000,'UAH',1.0000),(16924,'M878','Торадора! Том 3','Tiger x Dragon! Vol. 3.<br />Автор: Дзэккё, Ясу (Takemiya Yuyuko, Zekkyo)<br />Производитель: Фабрика Комиксов<br />Источник: Toradora!<br />Жанр: Драма, Комедия, Повседневность, Романтика<br />Год выпуска в России: 2014<br />Год выпуска оригинала: 2008<br />Томов в серии: 5+<br />Количество страниц: 192<br />Вес: 200 гр.<br /><div><span>Второй год в старшей школе Такасу Рюдзи начинает с попытки улучшить внешность. Однако, есть одно неприятное обстоятельство: хотя характер у него спокойный, он унаследовал жуткие глаза своего отца-бандита, и из-за этого часто происходят недоразумения между ним и его одноклассниками. Но всё меняется, когда в первый же день нового семестра он случайно сталкивается с самым опасным созданием в школе - Айсакой Тайгой, также известной как \'Карманный Тигр\'. Несмотря на миниатюрный размер, Тайга может с лёгкостью наводить трепет на окружающих, и, где бы она ни появлялась, за ней тянется \'кровавая дорожка\', из-за чего она и получила своё прозвище.После неудачного знакомства с Тайгой Рюдзи изо всех сил старается её избегать. Но случайно обнаруживает, что Тайга влюблена в его лучшего друга Китамуру Юсаку, в то же время Тайга узнаёт о его интересе к её лучшей подруге Кусиэде Минори. Тайга решает позволить Рюдзи в качестве \'личного слуги\' помочь ей с Китамурой, а в обмен она поможет Рюдзи стать ближе к Минори.Благодаря тому, что Рюдзи \'помешан\' на чистоте, а квартира Тайги расположена совсем рядом, она в итоге проводит большую часть свободного времени (исключая сон) в доме Рюдзи. Позже Рюдзи открывает такую сторону Тайги, которую люди обычно не видят, их отношения крепнут, и в конце концов расходится слух о том, что они встречаются.Так начинается история Тигра и Дракона - ТораДора!...</span></div>','M878.jpg',4,111.0000,55.0000,'UAH',1.0000),(16925,'M879','Нелюбимый. Том 3','\"Loveless. Vol 3.<br />Автор: Кога Юн<br />Производитель: Фабрика Комиксов<br />Источник: Loveless<br />Жанр: Мистика, Сёнэн-Ай, Фэнтези<br />Год выпуска в России: 2014<br />Год выпуска оригинала: 2002<br />Томов в серии: 12+<br />Количество страниц: 208<br />Вес: 200 гр.<br /><div><span>			    В первый день в своей новой школе 12-летний мальчик (Рицука) встретил таинственного молодого человека по имени Соби. Он назвался хорошим другом старшего брата Рицуки, Сэймэя, обгоревший труп которого был найден два года назад. По слухам, старшего брата убила некая организация «Семь Лун», но Соби отказывается отвечать на все вопросы Рицуки. Рицука просит Соби поделить с ним «воспоминания», но в парке на них нападают двое молодых людей, которым известно что-то о «Семи Лунах».			</span></div>\"','M879.jpg',11,114.0000,56.0000,'UAH',1.0000),(16926,'M880','Нелюбимый. Том 2','\"Loveless. Vol 2.<br />Автор: Кога Юн<br />Производитель: Фабрика Комиксов<br />Источник: Loveless<br />Жанр: Мистика, Сёнэн-Ай, Фэнтези<br />Год выпуска в России: 2014<br />Год выпуска оригинала: 2002<br />Томов в серии: 12+<br />Количество страниц: 192<br />Вес: 200 гр.<br /><div><span>			    В первый день в своей новой школе 12-летний мальчик (Рицука) встретил таинственного молодого человека по имени Соби. Он назвался хорошим другом старшего брата Рицуки, Сэймэя, обгоревший труп которого был найден два года назад. По слухам, старшего брата убила некая организация «Семь Лун», но Соби отказывается отвечать на все вопросы Рицуки. Рицука просит Соби поделить с ним «воспоминания», но в парке на них нападают двое молодых людей, которым известно что-то о «Семи Лунах».			</span></div>\"','M880.jpg',11,122.0000,60.0000,'UAH',1.0000),(16927,'M881','Лунный мальчик. Том 2','\"Moon Boy. Vol. 2.<br />Производитель: Фабрика Комиксов<br />Жанр: Фантастика, Школа<br />Год выпуска в России: 2014<br />Год выпуска оригинала: 2005<br />Томов в серии: 9<br />Количество страниц: 192<br />Вес: 220 гр.<br /><div><span>			    Человеческие реинкарнации кроликов и лис вступают в трагическое противостояние.			</span></div>\"','M881.jpg',2,140.0000,69.0000,'UAH',1.0000),(16928,'M882','Гештальт. Том 2','\"Gestalt. Vol. 2.<br />Автор: Юн Кога (KOUGA Yun)<br />Производитель: Фабрика Комиксов<br />Жанр: Приключения, Фэнтези<br />Год выпуска в России: 2014<br />Год выпуска оригинала: 1995<br />Томов в серии: 8<br />Количество страниц: 160<br />Вес: 200 гр.<br /><div><span>			    Священник ордена Васарии по имени отец Оливер оставляет служение церкви и пускается в далекое путешествие, чтобы разгадать тайну проклятого острова G, некогда основанного восставшим богом Гештальтом.			</span></div>\"','M882.jpg',3,121.0000,60.0000,'UAH',1.0000),(16929,'M883','Герой. Том 2','Hero. Vol. 2.<br />Автор: Хван Ким (Kim Hwan)<br />Производитель: Фабрика Комиксов<br />Жанр: Боевик, Сёнэн<br />Год выпуска в России: 2014<br />Год выпуска оригинала: 2004<br />Томов в серии: 14+<br />Количество страниц: 176<br />Вес: 200 гр.<br /><div><span>Решив начать новую жизнь, старшеклассник Сонджин переезжает в Инчон к дяде и двоюродной сестре и поступает в школу «Букиль». Яростный противник школьных банд, он сразу же вступает в конфронтацию с группировкой школы, которая, однако, пользуется большой симпатией учеников. Сможет ли Сонджин изменить существующий порядок? И есть ли разница между подростками, соблюдающими свой, пусть и отличающийся от общепринятого, кодекс чести, и беспредельщиками, которые признают лишь грубую силу?</span></div>','M883.jpg',1,114.0000,56.0000,'UAH',1.0000),(16930,'M884','Братья Карамазовы','The Brothers Karamazov by Dostoevsky.<br />Автор: Variety Art Works<br />Производитель: Фабрика Комиксов<br />Жанр: Драма<br />Год выпуска в России: 2014<br />Год выпуска оригинала: 2009<br />Томов в серии: 1<br />Количество страниц: 384<br />Вес: 400 гр.<br /><div><span>Твердый переплет.Манга-адаптация самого известного романа Ф. М. Достоевского.</span></div>','M884.jpg',1,216.0000,107.0000,'UAH',1.0000),(16931,'M885','Хеталия и страны Оси. Том 6','Hetalia Axis Powers. Vol 6.<br />Автор: Химаруи Хидэкадзу (Himaruya Hidekazu)<br />Производитель: Фабрика Комиксов<br />Жанр: История, Комедия, Сатира<br />Год выпуска в России: 2014<br />Год выпуска оригинала: 2008<br />Томов в серии: 6+<br />Количество страниц: 136<br />Вес: 200 гр.<br /><div><span>События Первой мировой войны, Второй мировой войны, предвоенного, межвоенного и послевоенного периодов показаны как взаимоотношения между героями манги. В сюжете фигурируют 40 стран и, соответственно, 40 персонажей.</span></div>','M885.jpg',1,149.0000,74.0000,'UAH',1.0000),(16932,'M886','Попалась, рыбка','Osakana wa Ame no Naka<br />Автор: Ranma Nekokichi<br />Производитель: Фабрика Комиксов<br />Источник: Fish in the Trap<br />Жанр: Драма, Сёнэн-Ай<br />Год выпуска в России: 2014<br />Год выпуска оригинала: 1993<br />Томов в серии: 3<br />Количество страниц: 168<br />Вес: 200 гр.<br /><div><span>Капитан школьной команды по плаванию влюбляется в своего преданного поклонника.</span></div>','M886.jpg',5,121.0000,60.0000,'UAH',1.0000),(16933,'M887','Крушитель. Том 5','\"The Breaker. Vol. 5.<br />Автор: Чон Гыкчин, Пак Чинхван<br />Производитель: Alt Graph<br />Жанр: Боевые искусства, Сёнэн, Школа<br />Год выпуска в России: 2014<br />Год выпуска оригинала: 2007<br />Томов в серии: 10<br />Количество страниц: 184<br />Вес: 200 гр.<br /><div><span>			    Сорванец Чанхо уже перешёл все границы и ведёт себя как отъявленный бандит. И вот результат: очередная дама в опасности. Кровь кипит на углях справедливости. Железный кулак Ли Сиуна нашёл наконец свою цель.Но демонстрация древних техник не ускользает от внимательного Хёк Сочхона, мастера клана Чхондомун. Он быстро разглядел в защитнике слабых воспитанника Кумуллёна. Будущий предводитель клана против ученика старшей школы! Неужели исход битвы предрешён?А пока разворачивается схватка силы и воли, тайный мир Мурима приоткрывает двери, являя на свет свои цели, называя союзников и врагов. Кто же на чьей стороне? Вот в этом ещё надо разобраться!			</span></div>\"','M887.jpg',3,116.0000,57.0000,'UAH',1.0000),(17059,'M888','Невеста речного бога. Том 11','Bride of the Water God. Vol. 11.<br />Автор: Мигён Юн<br />Производитель: Истари Комикс<br />Жанр: Романтика, Фэнтези<br />Год выпуска в России: 2014<br />Год выпуска оригинала: 2006<br />Томов в серии: 22<br />Количество страниц: 168<br />Вес: 200 гр.<br /><div><span>В гневе Накпин выкалывает Хабэку глаз, но затем, придя в себя, решает окончательно разорвать связь между ними. После этого у Хабэка нет причин оставаться во дворце. Но Сованмо приходится следить, чтобы Император сдержал данное ей обещание. И в качестве дополнения: первая встреча богини смерти Сованмо и бога жизни Тонвангона!</span></div>','M888.jpg',9,143.0000,71.0000,'UAH',1.0000),(17060,'M889','Невеста речного бога. Том 10','Bride of the Water God. Vol. 10.<br />Автор: Мигён Юн<br />Производитель: Истари Комикс<br />Жанр: Романтика, Фэнтези<br />Год выпуска в России: 2014<br />Год выпуска оригинала: 2006<br />Томов в серии: 22+<br />Количество страниц: 186<br />Вес: 200 гр.<br /><div><span>Пирём, участвовавший в нападении мятежников на императорский дворец, сбежал, забрав Соа с собой. Сованмо ради спасения сына отправляется к Императору и предлагает тому жизнь Синнона в обмен на свободу Муи, однако тот не может покинуть дворец из-за Накпин. А в это время Соа, попавшая на Луну, пытается встретиться с Муи, но внезапно оказывается в прошлом...</span></div>','M889.jpg',8,143.0000,71.0000,'UAH',1.0000),(17061,'M890','Невеста речного бога. Том 9','\"Bride of the Water God. Vol. 9.<br />Автор: Мигён Юн<br />Производитель: Истари Комикс<br />Жанр: Романтика, Фэнтези<br />Год выпуска в России: 2014<br />Год выпуска оригинала: 2006<br />Томов в серии: 22+<br />Количество страниц: 190<br />Вес: 200 гр.<br /><div><span>			    Муи вовсе не терял воспоминаний о Соа, но она об этом даже не догадывается. Чтобы контролировать Муи, Императору нужно знать его настоящее имя. Он приказывает Соа выведать эту тайну, и, оставшись с Муи наедине, она осторожно задаёт ему вопрос...			</span></div>\"','M890.jpg',8,143.0000,71.0000,'UAH',1.0000),(17255,'M892','Кровь виновного пса. Том 6','\"Togainu no Chi. Vol. 6.<br />Автор: Nitro+CHiRAL и Chayamachi Suguro<br />Производитель: Фабрика Комиксов<br />Источник: Togainu no Chi<br />Жанр: Драма, Постапокалиптика, Сёнэн-Ай<br />Год выпуска в России: 2014<br />Год выпуска оригинала: 2006<br />Томов в серии: 10<br />Количество страниц: 192<br />Вес: 200 гр.<br /><div><span>			    Манга основана на известной компьютерной игре, выпущенной компанией Nitro+CHiRAL. Действие разворачивается в постапокалиптической Японии. Главный герой Акира приговорен к пожизненному заключению, которого он может избежать, если примет участие в жестокой игре “Игура”.			</span></div>\"','M892.jpg',10,122.0000,60.0000,'UAH',1.0000),(17257,'M891','Оверман Король Гэйнер. Том 4','\"Overman King Gainer. Vol 4.<br />Автор: Томино Ёсиюки и Накамура Ёсихиро (Yoshiyuki Tomino and Yoshihiro Nakumura)<br />Производитель: Фабрика Комиксов<br />Источник: Overman King Gainer<br />Жанр: Фэнтези<br />Год выпуска в России: 2014<br />Год выпуска оригинала: 2002<br />Томов в серии: 7<br />Количество страниц: 192<br />Вес: 200 гр.<br /><div><span>			    В отдаленном будущем из-за великого катаклизма люди вынуждены жить в городах-куполах, ожидая, что в один прекрасный день планета вновь станет пригодной для жизни. В Ургуске – одном из таких городов в Сибири, живет Гэйнер Санга, признанный чемпион в виртуальных боях на гигантских роботах оверманах. Однажды юноша оказывается втянут в конфликт между подпольной организацией “Исход” и крупной корпорацией “Сибирские железные дороги”, контролирующей весь Ургуск. Гэйнеру приходится взять на себя управление самого настоящего овермана, уже не в игре, а в реальности. Теперь перед ним стоит нелегкий выбор: забыть все и вернуться к своей прежней жизни или же присоединиться к “Исходу”, из-за которого погибли его родители.			</span></div>\"','M891.jpg',1,112.0000,56.0000,'UAH',1.0000);
/*!40000 ALTER TABLE `products` ENABLE KEYS */;
UNLOCK TABLES;

--
-- Table structure for table `shipping_methods`
--

DROP TABLE IF EXISTS `shipping_methods`;
/*!40101 SET @saved_cs_client     = @@character_set_client */;
/*!40101 SET character_set_client = utf8 */;
CREATE TABLE `shipping_methods` (
  `Id` int(11) NOT NULL,
  `Name` varchar(255) DEFAULT NULL,
  `Cost` decimal(15,4) DEFAULT NULL,
  `AdditionalParam` text,
  PRIMARY KEY (`Id`)
) ENGINE=InnoDB DEFAULT CHARSET=utf8;
/*!40101 SET character_set_client = @saved_cs_client */;

--
-- Dumping data for table `shipping_methods`
--

LOCK TABLES `shipping_methods` WRITE;
/*!40000 ALTER TABLE `shipping_methods` DISABLE KEYS */;
INSERT INTO `shipping_methods` VALUES (1,'Самовывоз',0.0000,NULL),(2,'Укрпочта',20.0000,NULL),(3,'Новая почта',35.0000,NULL),(4,'Курьерская доставка',35.0000,NULL);
/*!40000 ALTER TABLE `shipping_methods` ENABLE KEYS */;
UNLOCK TABLES;
/*!40103 SET TIME_ZONE=@OLD_TIME_ZONE */;

/*!40101 SET SQL_MODE=@OLD_SQL_MODE */;
/*!40014 SET FOREIGN_KEY_CHECKS=@OLD_FOREIGN_KEY_CHECKS */;
/*!40014 SET UNIQUE_CHECKS=@OLD_UNIQUE_CHECKS */;
/*!40101 SET CHARACTER_SET_CLIENT=@OLD_CHARACTER_SET_CLIENT */;
/*!40101 SET CHARACTER_SET_RESULTS=@OLD_CHARACTER_SET_RESULTS */;
/*!40101 SET COLLATION_CONNECTION=@OLD_COLLATION_CONNECTION */;
/*!40111 SET SQL_NOTES=@OLD_SQL_NOTES */;

-- Dump completed on 2014-11-09  7:48:37
